enterprise_id,enterprise_name
55296395-6,上海舒而爽卫生用品
MA4W6LEQ-5,东莞市艺科口腔材料
32953598-3,东莞新乐天牙科器材
74771529-0,东阳市亚新齿科器材
32787255-6,东阳市昌成卫生材料
69781488-X,乌鲁木齐市鑫康洁卫生材料制造
74312656-0,南通斯瑞医用
58105677-3,南通新东方医用敷料
MA1N3XGC-6,南通泰倍护防护用品
MA1X8FNC-8,南通祥鑫医疗用品
MA2N352W-6,安徽北辰医疗用品淮南分公司
76903017-X,安徽昌盛医疗用品
MA2NWL94-3,安徽百通达科技医疗用品
MA2MX4FG-8,安徽长勤医疗用品
73985823-2,封开县培鑫医用材料
56184544-1,常州斯纳琪护理用品
06950573-6,常州舒心卫生用品
71321016-3,常熟一诺医疗用品
06185865-X,常熟伟盛医疗用品
07103649-X,无锡好得利医用卫生新材料
MA28X7HC-3,杭州凯源医疗用品
MA2B0AAG-2,杭州凯跃卫生用品
72009732-2,杭州康德医用敷料
58388876-8,沈阳博维医疗用品
31329179-3,沈阳奥力医用设备制造
56944328-7,沈阳达仕卫生用品
78221279-5,河南天和卫生材料
75385131-X,河南永泰卫生材料
MA4101Y4-7,河南永祥卫材
70662074-6,河南省豫北卫材
76530473-5,上海成农饲料
74563007-4,上海成大饲料
55913934-5,中山爱莉宠物饲料
79038453-8,乖宝宠物食品集团
31533920-1,光泽县泽农生物科技
MA31E9NY-9,厦门贝贝哟宠物食品
MA2RWWGY-7,合肥九牛饲料
75299145-X,合肥亚博农牧
MA13X3AK-7,吉林省广泽韩一饲料
56392825-9,吉林省金沃农牧科技
79994516-X,固原宝发农牧
60406248-0,大成农牧营口
58473310-0,广东协诚生物科技
78575964-9,广东新南都饲料科技
MA4X0RG6-9,广东昕昊实业
58296164-4,广东有机宝生物科技股份
55362154-4,广东湘大骆驼饲料
61740059-X,广东英维饲料
73617828-2,广东银海水产饲料
MA3NH8DW-2,德州派得宠物食品
78541140-7,成都双胞胎饲料
79002465-5,成都唐人神湘大骆驼饲料
MA27YQCM-X,杭州俞盈饲料
72005112-1,杭州正平生物技术
MA1MCRL2-8,江苏乐普生物技术
66009676-5,江苏明辉饲料
MA1P6DR9-5,江苏牧迪饲料
57674383-5,江苏科盛富邦饲料
77883977-1,江西省万事发饲料
15864334-8,江西省伟梦饲料
71092841-X,中国人寿保险股份
71093449-X,中国人寿财产保险股份
71093370-2,中国人民人寿保险股份
32231682-5,中国人民人寿保险股份重庆市陈家桥营销服务部
10002373-6,中国人民保险集团股份
71093148-3,中国人民财产保险股份
10002371-X,中国再保险集团股份
71092903-3,中国出口信用保险
71092842-8,中国太平保险集团
73337320-X,中国太平洋财产保险股份
MA71LDA2-0,中国太平洋财产保险股份临洮支
71093073-9,中国平安人寿保险股份
71093072-0,中国平安财产保险股份
78679932-7,中德安联人寿保险浙江分宁波营销服务部
68165176-4,中德安联人寿保险浙江分平湖营销服务部
79763830-X,中德安联人寿保险浙江分金华营销服务部
71782536-8,中邮人寿保险股份
55682845-2,大家人寿保险股份
MA1FR59M-0,太平洋保险代理
57915876-2,携程保险代理
MA27WGGK-0,易保保险代理
MA0P52QM-8,易康吉保险经纪
MA06J256-2,易才宏业保险经纪
MA5T6L1D-5,易联民康保险经纪
MA3MLJNF-8,易通保险经纪
MA6K5TYG-X,泰康人寿保险云南保山隆阳支
55013195-3,泰康人寿保险云南保山龙陵支
55577579-0,泰康人寿保险四川遂宁安居营销服务部
78988085-X,泰康人寿保险新疆乌鲁木齐米东区营销服务部
58931314-8,泰康人寿保险新疆阿克苏阿瓦提支
MA614E55-1,中京恒瑞国际软件
MA2HX90M-0,中企筑链科技
MA01Q082-7,中教兴业信息系统集成北京
MA01R1N9-8,中教宏业北京系统集成
MA33R8F9-3,中科华腾厦门科技
MA552JPG-3,中科唯速广东科技
MA01R86P-X,北京华云智天信息技术
10120953-2,北京合力金桥系统集成技术
MA01WAER-X,北京启数智能系统
75601178-9,北京浩宇中天系统集成技术
MA140TP6-X,吉林市中睿信息系统集成服务
66162361-9,吉林阳光智能系统集成
MA0YHE23-6,吉闻信息系统大连
07720124-9,安徽仝益电脑系统集成
72999536-4,安徽四通智能建筑系统集成工程
MA2UA5B9-X,安徽威斯孚信息工程
MA2NMAP8-3,安徽皖脉网络系统集成
MA2TF4KM-7,安徽铁面网络科技
71928826-0,广东中软系统集成
MA59TW7W-6,广东企胜系统集成
72119327-9,广东创恒系统集成
MA5CRBGT-3,广东奥腾云信息科技
78298599-0,广东安宏系统集成
MA5D0HKU-7,广东安护通信息科技
MA5CX043-7,广东德善信息科技
31585021-0,广西东方智源系统集成
MA5P0GX9-6,广西北海市祥泉龙信息技术
09880900-X,广西标鼎安防系统集成
MA5P2E1R-5,广西灿程系统集成
58785803-X,极早期系统集成厦门
21893058-5,保山宝源煤炭
70148364-X,包头市杨圪塄矿业
10231758-6,北京京煤集团
74613224-5,北京昊华能源股份
80233098-4,北京昊华能源股份大台煤矿
80272709-2,北京昊华能源股份大安山煤矿
80233351-X,北京昊华能源股份木城涧煤矿
80273000-5,北京昊华能源股份长沟峪煤矿
72905818-6,北票煤业
11147294-0,大同煤矿集团圣厚源煤业
11207150-8,大同煤矿集团宁武半沟煤业
11183555-3,大同煤矿集团朔州朔煤新裕煤矿
MA0H9HPG8,大同煤矿集团马道头煤业
66410888-2,安康市安太矿业
76084038-7,安徽宿州金狮矿业
15238817-1,安徽省皖北煤电集团
71568396-8,安阳市主焦煤业
77788796-6,宝清县万昌煤矿
75522644-6,宝鸡秦源煤业
76231251-0,峨眉山市川主张沟煤矿
76113179-3,巴州秦华工贸
22915168-3,巴里坤哈萨克自治县明鑫煤炭
MA7762PK-7,巴里坤哈萨克自治县明鑫煤炭二号立井
MA7762PU-9,巴里坤哈萨克自治县明鑫煤炭混合斜井
20066037-X,广西壮族自治区右江矿务局
90059327-8,广西壮族自治区右江矿务局公篓矿
90066085-6,广西壮族自治区右江矿务局塘内煤矿
75374346-6,广西环江下金煤业
MA5KQ9GE-7,广西环江红山朝阳煤业朝阳矿
71965623-8,抚顺泰和煤炭开发
60721362-7,上海新晃空调设备股份
60726217-0,上海松下微波炉
77097466-1,东莞天籁之音电声制品
59210559-3,东莞市三赛电器
67709049-0,东莞市裕隆电器
59586605-6,中山古奇诺智能厨房
69816620-4,中山市中田厨房设备
79621180-6,中山市安心生活电器
66981937-6,中山市邦振电器
09175743-8,中山格智美电器
31507971-0,中山鹘鹰电器
MA0PTP5K-1,内蒙古达兴利电器
69495680-7,北京京东方视讯科技
10176681-4,北京市新丽厨房设备
57159162-5,华夏易能南京新能源
06709274-7,南京百代星桥家具
56341004-6,合肥美的暖通设备
20541230-8,四川长虹电器股份
75274154-9,坤德吴江电子零件
58667279-4,大金空调苏州
67149782-0,天津奥克斯电气
73017846-8,宁波奥云德电器
70487608-6,宁波市银月电器
71331051-9,宁波来特燃气具
14481915-4,宁波科帅电器实业
68801170-0,宁波飞时达电器
60968401-9,嵊州市同心电器
68701571-8,巨力新能源股份
05869238-8,常州安冉电器
76589537-9,常州安太电热电器
13349283-8,上海景峰制药
13270804-3,上海生物制品研究所
70110804-9,亚宝药业集团股份
MA52TF7L-3,佛山市营和中药饮片
10292772-0,北京东升制药
63364626-6,北京同仁堂股份
69630131-0,北京和盛堂药业
63431899-3,北京市兽医生物药品厂
61491411-4,华兰生物工程股份
77867587-7,参天制药中国
12401115-8,吉林省利华制药
12704028-8,哈药集团
20260247-2,四川省祥云中药饮片进出口
20260067-X,四川科伦药业股份
70718935-3,国药集团中联药业
23944464-X,天士力医药集团股份
73037720-5,天津市石天药业
10409702-X,天津红日药业股份
67423079-3,安徽美致诚药业
16410372-7,山东新华制药股份
07826979-8,常州合全药业
73217531-6,广东腾骏药业股份
23113152-6,康美药业股份
67597842-9,康龙化成天津药物制备技术
74482771-3,延安必康制药股份
74469326-8,德阳新诺赛制药
MA3MWQNB-4,日照巴洛特药业
67984727-4,江苏为真生物医药技术股份
70404786-X,江苏恒瑞医药股份
69547512-4,江苏鼎昊医药科技
32309092-8,云南中海渔业
MA497DU0-7,仙桃市张家垸养殖家庭农场
MA59THQJ-X,何氏蹦蹦鱼广州生态渔业开发
MA44A921-8,卢氏县朱阳关刘家坡渔业养殖农民专业合作社
35020427-3,台州广源渔业
MA52UKBW-8,四会市兴富水产养殖
MA2AEJXC-6,宁波市鄞州区奥海远洋渔业
MA2N0MRH-2,安徽长江渔歌渔业股份
33082042-3,宿迁市苏渔水产科技
MA2YQT7G-8,尤溪县闽湖休闲渔业
MA63NTAL-0,峨边彝族自治县渔樵渡农业旅游开发
MA5EQG47-7,广东大汇亚远洋渔业
MA5ALT8A-1,广东海祥渔业
MA5AM3WF-X,广州宇顺渔业发展
MA5AQ9NJ-3,广州锐沣渔业发展
32261079-2,广西海蓝深海渔业
MA744AY8-4,康乐县恒达渔业养殖农民专业合作社
MA448U3B-2,开封市祥符区杜良乡渔兴源水产养殖农民专业合作社
MA0Q8GL1-X,扎赉特旗金福源水产养殖专业合作社
MA781HW1-0,新疆天露南山渔业
MA4CW9F7-7,洪湖市千湖渔歌水产养殖专业合作社
MA2AN2YU-2,浙江兴邦远洋渔业
MA487GCX-X,浠水县游甫咀养渔场
MA5T10NX-4,海南兴江渔业科技
MA5RJJX3-0,海南鲜道鲜德渔业
MA5RJJX3-1,海安裕丰渔业服务
MA4916UH-4,湖北省长湖生态渔业发展
MA4M7AD2-9,湖南子非鱼渔业
MA51BMDJ-5,珠海市泓森渔业
MA4Q78KQ-8,益阳市大通湖区勤上水产养殖专业合作社
72244875-5,佛山市海天调味食品股份
76292268-5,佛山市海天高明调味食品
58830642-1,佛山市茗福调味香料
MA51Y7XJ-7,佛山市酱承调味品
30843045-3,保定味福源食品
21893016-3,保山市隆阳区黎明酱园
93892883-8,包头市呱呱叫调味品
67284419-3,北京味香情调料食品厂
74549751-7,北京香满家调味品厂
71444910-9,四川清香园调味品股份
79014399-6,安徽强旺调味食品
73498208-2,安徽明珠调味食品
71325982-1,常州市宁宁调味品
57674177-6,常州鼎真味食品
72055232-1,常熟市鲜尔得调味食品厂
X1879704-6,广州市如丰果子调味食品
61775625-4,开平味事达调味品
56204511-2,成都全一食品
67430114-1,成都前进兴旺调味品
78811864-4,成都华军调味食品
67715586-4,成都川友调味品
68633527-7,成都市大林调味品
76538823-8,成都市富友绿色调味品
61842640-9,李锦记广州食品
61774488-6,李锦记新会食品
78981468-4,河北中科天恩食品
30820951-3,河北周黑鸭食品工业园
70075370-8,河北御香坊食品
72187485-9,河南白象调味品
08238385-X,白银宝城食品
MA6NFM1R-8,中冶南方红河气体
MA44G0N6-0,义马金裕机械气体分
MA6KNQAN-4,云南安锋气体
MA0NJK3H-4,内蒙古天茂气体
MA0Q249K-3,内蒙古海乐气体
MA0NJ3RF-4,包头市金丰气体
MA00ENWG-0,北京燕山石化液化空气气体
MA47AQ37-2,南阳市医用氧气厂官庄分厂
MA179HG7-X,吉林市博索德姆特种气体
MA0E32RF-6,唐山瑞能科泰工业气体
MA0YR2UX-1,大连华奥荣润气体
MA291CQL-4,宁波镇海炼化林德气体
MA3Q66TG-0,山东飞源气体
MA0GTGP4-5,山西兴业投资控股集团气体分
MA6TEDRG-9,日喀则润富气体
MA6NEGTQ-6,昆明安宁梅塞尔气体产品
MA1QFXB5-5,林德气体泰兴
MA44BQMX-9,河南北氧康益气体科技
MA3QC92W-0,济南福顺康气体
MA3C6LAL-9,济宁宝钢气体
MA2A3EHH-1,浙江建航气体
MA4895WC-6,液化空气潜江
MA0MXH57-2,液化空气达拉特旗
MA0E089J-4,滦州市首阳工业气体
MA49036U-4,瑞泽气体净化湖北
MA2YKN1P-4,空气产品晋江电子气体
MA0YT2QJ-2,空气产品鞍山气体
MA6DL5HN-4,贵州省科创气体
MA0YYN24-1,辽宁黎明气体
MA07NFUU-6,迁安市泽源气体
20134865-2,三亚市航运总
75436673-8,三亚振源水上运输
39560544-1,三亚星佳国际船务代理
55025866-3,三峰靖江港务物流
72583955-9,三门峡北方游船
63058267-4,上海万荣船务
75057715-9,上海三江国际货运
59817199-7,上海东丰船务
66439865-6,上海东昊海运
13476721-5,中国外运江苏
10432485-1,中国外运河北
17841741-X,中国外运湖北黄石
74391723-1,中国外运长江
10000170-5,中国外运长航集团
71816072-4,中远海运特种运输股份
24238150-4,中远海运石油运输
13221273-4,中远海运能源运输股份
12008182-9,丹东海运
24281117-2,丹东边境经济合作区东川船务
74432542-2,丹东银海轮船海运
75276398-3,丹东鸿利海运
74369736-3,佛山海驳顺沿海货物运输
MA518RYA-2,佛山穗合港务
61764429-5,佛山高明珠江货运码头
75689269-4,南京顺业船务
09401525-3,南京风平船务
56288993-X,南京鲲翔船务
05798434-6,南京鹏飞智慧物流股份
06226087-9,福建嘉达船舶
MA34A93B-4,福建国翔海运
MA4113EP-2,三门峡昊力机电设备
MA9F1KBQ-X,三门峡鑫晟冶金设备
59057802-0,三门新洲机械
69724475-X,上海一鼎重型矿山设备制造
56961923-8,上海中博重工机械
55151524-6,上海亿有重工机械
66775460-1,上海众发机械设备
80553048-X,冀中能源邯郸矿业集团通方煤矿机械
75026270-4,冀凯装备制造股份
57526014-5,内江黑石矿山机械设备
MA0Q7X0B-9,内蒙古中煤大泰采掘机械
67438269-0,包头市至诚矿山机械设备
MA0Q1GQA-7,包头市锐锋科技特钢
78300339-7,包头市高新矿山机械设备
55813922-0,包头市鸿琦矿山机械
MA0N01GP-7,包头鸿丞众和矿山设备
56575811-8,北京丁力达矿山设备
10146104-1,北京三盟矿用设备厂
68673938-6,南京峰凯机械制造
79713088-0,南京泰宇矿用设备
66066147-X,南京睿坦煤矿机械制造
13488696-X,南京矿山机械厂
24969965-4,南京立力煤矿机械制造
20473477-8,泸州冶金矿山设备
20491077-8,泸州市长江矿山机械厂
20472149-1,泸州探矿者机械加工
69227002-7,泸州鑫成矿山机械
09060632-0,洛阳万泽电气设备
76167417-3,洛阳三重矿山机械
61480575-1,洛阳三高重型矿山机械
55521422-1,山东佰城实业
MA3MCWPY-2,山东佰川启程建筑工程
MA3QR6AW-5,山东佰川建筑工程
MA3NDF7R-0,山东佰川护栏工程
MA3M4M06-3,山东佰川汇鑫智能工程
MA3PCY9W-2,山东佰成建筑工程
MA3N32XD-1,山东佰诚建筑安装工程
MA3QLM0G-1,山东佰达通建筑劳务
MA3PK79D-7,山东佰达防水保温工程
73577188-5,山东大卫国际建筑设计
75176373-8,山东大唐建设工程
49405666-0,山东大唐环境工程
07578276-4,山东大圣建设安装
26435245-6,山东大山路桥工程
30696581-7,山东大舍装饰工程
76098147-0,山东天幕装饰工程
MA3MTTLJ-9,山东天朴胜建设工程
MA3FC88A-6,山东天齐明达住工科技
MA3N9F7R-9,山东奥品装饰工程
MA3P7EWX-5,山东奥奇装饰工程
MA3M7XCJ-2,山东奥普森电力工程
MA3DLG4Q-0,山东奥欧建设工程
57288476-1,山东奥润建筑安装工程
MA3PXKJ4-3,山东奥然市政工程
MA3P90XR-5,山东奥然智能工程
MA3FGJ4T-8,山东奥瑞建筑工程
MA3QQL0G-6,山东奥起建筑工程
06119077-6,山东川东建筑工程
75637612-0,山东川宏装饰工程
78741516-1,山东川工建联建筑劳务
77892908-0,ABB高压电机
61792619-6,BPW梅州车轴
61324351-5,DUPLO山东办公设备
73974488-4,LG化学广州工程塑料
73333849-8,NGK苏州热工技术
73225277-2,NGK苏州环保陶瓷
60053412-9,PPG涂料天津
74599577-8,SEW-传动设备广州
80114882-2,SMC北京制造
60512069-7,一汽—大众汽车
MA06BMA8-1,一汽富维本特勒汽车零部件天津
78294444-3,一立木业
75036994-X,一胜百模具技术宁波
67385858-9,万凯新材料股份
61836474-6,东莞长江电脑制品
67881374-2,东莞雷笛克光学
67135970-0,东莞首邦电子
61833744-9,东莞高力电池
69640642-X,东莞高太士服饰
06845791-2,东莞鸿宇自动化设备
07191344-8,东莞鸿恩电子
MA3M9PUH-X,东营威德福高原石油设备
57936055-7,东营安川机电控制
72624682-7,东营新世纪环保科技
59135848-4,东营朝日塑料制品
57382881-7,东贺隆昆山电子
70208754-2,东软医疗系统股份
19142799-7,宝莱发展
75347951-1,宝贝龙美容器械广州
76338312-6,宝辉科技龙南
MA5T34PU-4,临高绿源林业发展
21815468-6,云南云投生态环境科技股份
21845240-5,云南云景林业开发
MA1AXQ7W-5,伊春市新青林业局新松中心苗圃
MA1BY4L1-7,伊春森工带岭林业局明月林场分
MA1BY4DY-6,伊春森工带岭林业局永翠林场分
MA0PYB09-9,兴安盟荣森林业发展
MA1WWUYH-X,南京沐森林业科技
MA1AXWEX-4,呼玛县林之源林业
MA5AM87D-8,四川省君荣林木开发从化分
35629325-4,四川省金辉林业
MA1B7PGP-1,孙吴县明国林业服务
57042009-0,安徽和合生态农业股份
68979138-2,安徽宏盛生态园林工程建设
MA5YY6DW-3,巫溪县阴条岭林业专业合作社
05684576-6,广东甬诚霖茂林业
72651574-0,广东粤壮园林建设
32480323-X,广东粤林林业发展
57792986-9,广东肇林林业发展
MA5AP5Q1-9,广州蓝海林业开发
MA5N9R0M-X,广西浩龙林业开发
MA5N7906-9,广西钦州市业安林业管护
MA320LEH-X,建宁县森超林业发展
MA1UXDEA-2,江苏烜恒林业发展
MA38CAX7-X,江西省林森林业发展
MA0KE4KG-0,沁水县海博林业开发
MA31QMRX-7,沙县郑湖上洋桑梓林业专业合作社
55050078-X,浙江农生种苗
MA2810FQ-1,浙江宁和园花木
77080063-7,浙江苗夫苗木科技
10002435-X,SK北京汽车租赁
33623163-8,SK北京汽车租赁沧州分
78626011-0,上海吉望汽车租赁
08780555-6,上海吉霆汽车租赁
56653328-7,上海吉驰汽车服务
68762421-4,北京中运通达汽车租赁
73767884-4,北京中远大昌汽车服务
06131262-2,北京忠恩悦航汽车租赁
30275949-3,南京戴维斯汽车租赁
MA1P19G3-8,南京诚旅汽车服务
MA1N5GG7-X,南京车融汇汽车服务
MA348ETP-7,厦门市翰雄汽车服务
MA2YHLB0-1,厦门市迪滴汽车租赁
39580632-3,安徽百众旅游客运
07721176-2,安徽百利行汽车服务
MA2N47LH-5,安徽百耀汽车租赁
MA2NB93P-X,安徽百迪汽车服务
MA3MFDXH-9,山东世纪天成汽车租赁
MA3C4GLD-9,山东晟轩汽车服务
32620353-7,山东顺安汽车租赁
70923290-9,成都先锋汽车租赁
32746983-9,成都祥如汽车租赁
66533736-1,成都西线越野汽车租赁
MA2B2J5H-4,杭州正北汽车服务
67062067-1,杭州正奇汽车服务
MA28RQCF-5,杭州至尊宝汽车服务
69396281-8,深圳市佰通汽车租赁
32669774-1,深圳市八十迈汽车租赁
MA5DDJ5W-4,深圳市百车行汽车租赁
34218600-1,艾邦汽车租赁上海
74617886-8,上海农神食用菌科技
76942988-5,上海永大菌业
32957849-X,中延菌菇业天津
59199386-7,内蒙古亿佳鸿菌业
72267277-3,北京吉昌食用菌
79851908-9,北京恒达兴菌业
66841431-8,北京绿禾都示食用菌专业合作社
MA0MX73Q-8,呼伦贝尔市华珍食用菌
MA0MW5KA-4,呼伦贝尔盛坤泰食用菌种植专业合作社
MA0GT3J8-4,大同市云州区同鑫源食用菌种植专业合作社
31154454-X,大连千叶食用菌专业合作社
MA06DRLK-4,天津亿顺缘食用菌种植专业合作社联合社
67943853-4,天津市蓟县中亿建良食用菌种植专业合作社
05496817-2,山东众兴菌业科技
57938013-6,山东农发菌业集团
06736859-8,山东利农菌业
57286364-5,山东方华食用菌
MA0K2UWR-2,山西北芪菇食用菌种植
59736083-3,山西珍菇坪食用菌
57338963-1,山西鑫辰美食用菌种植
09585653-X,抚顺华阳食用菌
MA0QFA54-4,朝阳县兴茂食用菌
05520869-3,江苏众友兴和菌业科技
55075670-X,沈阳鼎丰食用菌
MA1XP44E-6,泗洪县浩力食用菌种植专业合作社
66926382-2,福建世野食用菌股份
05431320-5,福建天益菌业
68938166-6,福建省中延菌菇业股份
MA0UGGG8-2,辽宁本农裕祥明菌业
33901857-6,连云港瑞升食用菌
73557182-4,北京中核北研防水装饰工程
MA0038A7-6,北京中核金石建设
MA006LAX-0,北京中桥建筑工程
MA01MFQT-1,北京中梁建设工程
MA01F100-2,北京中梓基业建筑装饰工程
MA00BM5N-7,北京中棚建筑工程
69636298-1,北京中森伟业科贸
MA01QGRA-7,北京中楚力泽建筑工程
MA01KU01-7,北京中楷建业建筑工程
MA01UBHN-8,北京元寅鑫鸿建设工程
MA01GU9X-4,北京元捷建筑工程
MA01D25R-7,北京元方盛装饰工程
MA01N27G-4,北京元林建筑劳务
MA01GTQG-0,北京元楚建筑工程
55852314-2,北京元正装饰工程
MA01H3AD-9,北京元鼎通市政工程
80173956-9,北京兄弟同创装饰工程
59968182-5,北京兄弟和扬机电工程
33022067-1,北京兆铭骏环境技术
74333260-4,北京光照宏伟建筑拆除
MA01E6JY-X,北京全良辰建筑工程
MA0188GA-7,北京全装美家装饰
MA01MGFT-4,北京全辉万通工程
58442817-3,北京全雅建筑工程
10301384-0,北京全顺地基机械施工
70035034-3,北京全顺宏达建设工程
MA01D30J-2,北京六合国际装饰工程
MA01QL0L-9,北京兰奥兰建筑工程
05739943-8,北京兰庭逸家建筑装饰
66216390-9,北京兰超环保工程
MA2YE5HX-X,三福服饰
MA1GW9DN-3,上海怡铭服装科技
MA1JBRW8-9,上海暖媛服装辅料贸易中心有限合伙
MA1J3P5X-2,上海沃尚时装
MA1YYBC4-4,世恩南通时装进出口
MA53WFW2-4,中山市小鹿角服饰
MA5CPCGN-6,依潮名汇广州服饰
MA72DXCY-7,兰州乔顿服饰
MA0035L1-9,北京丽诺服装
MA008BRF-5,北京圣拉露娜服饰
MA01J5QT-8,北京市仲艺服饰
MA003BTD-4,北京无形服装
MA1YN62N-2,南通杰讯服饰销售
59751793-3,古奇拉利四川服装
MA69YGL4-1,四川戴维森服饰
MA1BTX7J-7,大庆铂辞服饰销售
10306334-6,天津服装进出口股份
MA2YQLQ9-X,平潭三福服饰
MA5CWHAA-3,广州佳禾服饰科技
MA5CPYAJ-5,广州市依色锦时尚服饰
MA5D0WQB-0,广州市合和皮具服饰
MA5CUD3W-7,广州市韵动服装贸易
MA5CYLX0-X,广州自在生活服饰
MA1YWRQG-4,扬州尚衣汇时装设计
MA1K365L-3,摩酷时装上海
70325298-4,新疆拉夏贝尔服饰股份
MA1YC63P-5,昆山科辛佰绎服饰销售
77976528-4,普拉达时装商业上海
MA2GYJ7E-1,杭州卿衣坊服饰
MA2GNWNU-X,杭州洪陵服饰
MA4W4Q9T-0,TCL融资租赁珠海
32162417-2,上海加敬融资租赁
32168270-0,上海日升融资租赁
32164783-3,上海祥达融资租赁
MA3X9JAR-8,中原航空融资租赁股份
MA6K31Q1-9,云南云投融资租赁
59382220-1,北京中车信融融资租赁
58442054-2,北京京能源深融资租赁
39791413-3,北京市文化科技融资租赁股份
MA05TKXT-1,国投建恒融资租赁股份
57831419-6,国网国际融资租赁
56075164-6,国融国际融资租赁
MA069DX9-0,天津欧拉融资租赁
MA2AE4HJ-0,宁波中金融资租赁
09422138-0,宁波众泰融资租赁
32170538-6,安徽国元融资租赁
07963949-8,宏泰国际融资租赁天津
08403977-X,山东晨鸣融资租赁
68690250-X,山重融资租赁
58792703-1,山高国际融资租赁深圳
09312339-1,广东粤科融资租赁
56437957-0,新疆鼎源融资租赁股份
35002043-1,汇海融资租赁股份
MA1NT7PX-6,江苏华文融资租赁
MA35K56K-1,江西省金控融资租赁股份
MA3XECXN-X,河南国宏融资租赁
MA3DALAB-X,泰和融资租赁
MA27XNF6-4,浙江大搜车融资租赁
MA2A2E0D-5,浙江省空港融资租赁
34977397-0,深圳创维融资租赁
13216028-4,上海文武腌腊制品
63092317-6,上海申兰肉类加工
68738692-2,上海芙德肠衣
MA01KGBA-2,北京乔歌肉类食品
MA52EDAM-3,厨冠佛山食品
31448654-1,古蔺新佳多肉类食品
MA0UMLGF-6,大连尚真食品
MA0QF87G-X,大连康百嘉食品
MA0XTA05-3,大连锦豪云品肉业
MA0XTA0X-2,大连食在肉业
MA2ND9RC-7,安徽香又香肉食品储备
56142113-9,山东德州扒鸡股份
66402254-4,广州佳应食品
32224723-3,广州萌萨肉制品加工
MA62L53N-5,成都君游乐食品
MA62P5XT-7,成都毛市佬食品
MA6CL4LB-8,成都蜀粹轩食品
76228956-8,成都西航食品
72160084-X,承德康硒食品
MA5N1PR3-7,桂林市淘鲜食品
MA5KR4PG-2,桂林肉类联合加工冷冻分
MA3CBX71-6,梁山县跃达清真食品
69534554-9,武汉市福禧润春肉食品
MA4KRFMT-8,武汉质佳食品
56557297-0,武汉闵记快乐食品
MA4KW3U8-1,武汉鼎一雷食品
56569659-4,武胜县醉巴斯麻辣牛肉食品
69836770-0,江苏雨润肉食品
15840122-6,江西煌上煌集团食品股份
MA4PCXEM-1,湖南省宏罡食品
MA1N7WY2-8,上海银行股份盐城分行
33999714-5,东辽农商村镇银行股份
10000547-4,中国农业银行股份
90123229-8,中国农业银行股份浦北乐民支行
79377220-2,中国农业银行股份莆田秋芦分理处
72342552-0,中国农业银行股份蒲江桫椤支行
10000396-2,中国工商银行股份
83715670-1,中国工商银行股份常州分行
10000444-7,中国建设银行股份
74809901-2,中国建设银行股份上海崮山路支行
13312561-6,中国建设银行股份上海虹口支行
83249235-1,中国建设银行股份上海顾北东路支行
10001644-8,中国进出口银行
71093465-X,中国邮政储蓄银行股份
10000134-2,中国银行股份
70605387-6,临商银行股份
MA0Y3E3J-7,临江蛟银村镇银行股份
70146625-X,内蒙古银行股份
MA0MY3JG-2,凉城县乌拉特村镇银行
MA6UYNRK-9,华夏银行股份西安金泰假日花城社区支行
08101121-0,华夏银行股份西安锦业路支行
MA6W3GWD-7,华夏银行股份西安锦园新世纪社区支行
78418957-6,厦门农村商业银行股份
56688120-6,合作金库商业银行股份苏州分行
00001845-4,国家开发银行
05864492-5,国民银行中国苏州分行
MA0HJBPQ-8,天镇县河东村镇银行
55018968-8,安徽肥西农村商业银行股份
58592783-9,庆城县金城村镇银行股份
MA1MK0MU-3,恒丰银行股份连云港分行
59214524-5,中山市保富集成家居
57644601-3,中山市渤雅家具
56259922-X,中山市长丰家具
MA5220WJ-8,中山市长汇红木家具
MA06A67A-X,天津丝涟床垫
L3457435-5,天津市一木方圆家具
76432791-9,天津市中海恒业家具
69066291-6,天津市兴叶家具
73038398-X,天津市振兴家具
58131854-2,天津市艺凯顺家具
34048412-8,宁波丽丰家居
05383687-2,宁波丽凯儿童用品
MA282GRB-4,宁波乐帆办公家具
MA2AGJ5P-5,宁波力富特智能科技
34062043-3,宁波肯沃德家具
68107240-4,宁波麦高家具
MA2NEDCB-X,安徽加和智能家居
09932581-6,安徽匠遇良材红木家居
78108545-6,安徽华胤家具
73302169-3,安徽华阳家具
79465427-5,广东万宝龙门实业
07954092-2,广东万恒通家居制品
33481830-4,广东京晟家具
75560701-1,广东佳居乐厨房科技
31482436-0,广东华展家具制造
58472992-9,广东天一美家家居集团
58298676-1,广东拓艺家具
57794617-5,广东甜秘密寝具
09235735-6,广东金时通家具装饰工程
MA4X207J-5,广东金点原子智能科技
06415839-2,常山天道中药饮片
13716196-4,常州市第四制药厂
75064024-2,常德洞庭医药
57997492-X,广东正源分子中药
71482699-8,广东正韩药业股份
58465793-7,广东盏王制药
MA1NCDWC-2,张家港普渡中药饮片
33125183-2,徐州中健药业
MA62P61X-9,成都万春药业
20636227-7,成都兴沣瑞中药饮片
06240121-3,成都曙源中药饮片
09987477-8,成都欣福源中药饮片
74032126-4,成都通灵中药饮片精选
MA1WJHP6-6,扬州名仁天然药物
MA1X1Q65-4,扬州盈德堂药业
79906167-1,江苏东方慧医华康中药饮片
32359949-2,江苏东禾医药
MA1MBYGH-2,江苏东莲药业
74871471-6,江苏福源中药饮片
MA1WLA39-2,江苏肤春堂医药科技
14013190-X,盐城市中药饮片
MA31KHYU-0,福建力訾药业
MA2XWN5B-X,福建微芝赢中药饮片
55506844-7,福建铭远制药
MA2YADY1-6,福建铭远堂中药
MA6DMBQG-6,贵州上海胡庆余堂生物科技药业股份
MA6DN973-9,贵州尚德贵生中药饮片
MA6HXJ45-1,贵州山星药业
MA6EF9TE-6,贵州神农本草中药饮片
MA31X7Q5-9,长汀县众康堂药业
MA62H568-X,凉山州发展控股集团
20184708-0,四川中迅电梯联合
MA6CK67U-4,四川中邮物流雅安分
20183078-0,四川众城房地产开发
68239365-6,四川发展控股
MA66ETX5-X,四川成邛雅高速公路
20181233-9,四川省投资集团
76230003-4,四川省机场集团
08339648-4,四川长宁天然气开发
MA622B3E-4,国久大数据
99072029-2,国家开发银行四川省分行
76232547-7,国家能源投资集团成都热电厂
73589250-5,国机重型装备集团股份
78226622-4,峨眉山发展控股
75233594-6,巴中市国有资本运营集团
62956578-9,巴中市房地产综合开发总
MA6A4B56-X,广元市利兴工业发展集团
58649567-9,广元市国信物业管理
08583866-1,广元市贵商村镇银行股份雪峰支行
74964094-X,广安渠江旅游开发
MA62B5QM-9,广安金土地开发投资集团
67965610-1,成都交子金融控股集团
79783792-3,成都交通投资集团
66968613-9,成都新诚融资担保
MA68Q27C-5,成都智慧城市信息技术
76539340-8,成都轨道交通集团
67142188-5,成都通发众好物业自贡分
MA64TUBU-7,成都都江堰投资发展集团
63311088-3,成都高新投资集团
20436095-6,攀钢集团钒钛资源股份
31508510-9,东莞一翔液体肥料
74629276-7,东莞市中纺化工
05164124-6,丰城市友好化学
12021209-1,丹东市化学试剂厂
12026961-0,丹东市胜利化工厂
MA0D8P0M-0,任丘市鹏川化工
57969355-4,佛山拜澳生物科技
74341297-0,保定市乐凯化学
72261275-4,北京中纺化工股份
10111505-0,北京化学工业集团
10291620-4,北京天罡助剂
10279170-4,北京成宇化工
62590623-2,北京益利精细化学品
77376461-9,博立尔化工扬州
05838741-2,厦门梓诺化工科技
MA2BCMJB-7,嘉兴市三江浩嘉高分子材料科技
05807230-6,大连华邦化学
75609535-3,大连联化化学
72999007-X,安徽精钼化学试剂
MA3P4N4Q-8,山东笃初诚美化工科技
MA0KCB3P-4,山西华菲生物科技
70837986-1,广东利尔化学
57402532-X,广东基业长青节能环保实业
73972788-1,广东达志化学科技
09623152-3,广安一新医药科技
68325843-X,广州基业长青新材料
72193082-2,广州市立图油漆化工
70824125-6,广州艾儿化妆品
06331428-5,广州辰东新材料
57275595-1,德阳尚品化工
57275595-2,上海丰程律师事务所
57275595-3,上海丰进立和律师事务所
57275595-4,上海俊豪律师事务所
57275595-5,北京元合律师事务所
57275595-6,北京元延律师事务所
57275595-7,北京元晓律师事务所
57275595-8,北京元经律师事务所
57275595-9,北京元赫律师事务所
57275595-10,北京元辉律师事务所
57275595-11,北京元都律师事务所
71419976-0,威来法律咨询服务事务所
71419976-1,山东环周天津律师事务所
71419976-2,广东华商天津律师事务所
71419976-3,广东威戈律师事务所
71419976-4,广东广法律师事务所
71419976-5,广东广颂律师事务所
71419976-6,广东康浩律师事务所
MA4ULYQ9-8,广东悦信律师事务所
MA4ULYQ9-9,广东正显律师事务所
MA4ULYQ9-10,广东江达律师事务所
MA77L24D-8,新疆首诺法律事务所
MA1X6N6N-0,江苏泓信法律服务事务所
MA1X6N6N-1,河北唐正天津律师事务所
MA1X6N6N-2,浙江盈树律师事务所
MA1X6N6N-3,浙江盈轩律师事务所
MA5EQ171-6,深圳新世纪法律服务
MA4L49G5-2,湖南三方环境法律事务所
MAB0J9P9-8,西安君忠诚律师事务所
MAB0J9P9-9,重庆鲁本律师事务所
MAB0J9P9-10,重庆鹏舟律师事务所
67932190-X,上海儒佳管道钢结构
74617642-4,上海光杰钢结构制造
63084977-0,上海全琪金属结构件
MA1GKEKA-X,上海共赢钢结构
76086917-1,上海兴中实业集团
74728480-6,上海兴奉彩板轻钢结构
76706614-4,云南全鑫钢结构
69088819-X,云南兴德业钢构工程
35180960-2,云南博林金属构件
32285270-8,云南博耀金属结构制造
MA51F2MC-2,佛山市驰捷交通设施
55360927-0,佛山市高明南越钢结构制造
MA517C6R-7,佛山市鼎合盈讯金属制品
31481271-4,佛山市鼎盛钢结构
MA52LA6M-8,佛山德辉钢管钢构
75664698-7,四川航宇钢结构科技
79786254-7,四川艾瑞顺钢结构
55348289-8,四川荣华金属结构制造
08303608-3,天津市凯彬钢结构制造
73282975-4,天津市北川钢结构
79725483-2,天津市北洋兴钢结构
73547479-2,天津市华展建筑钢结构
06735676-5,山东瑞驰钢结构
MA3MPXLP-7,山东申洋钢结构
57779278-6,山东盛新钢结构
MA3R31QD-8,山东省华东重工
72755966-5,山东省华宇钢结构
77081785-0,杭州天工钢品
71544912-7,杭州天源钢结构制造
74716396-7,杭州宇力钢结构
56689637-9,中国邮政集团徐州市柳新支局
MA20M1AM-7,中铁十局集团无锡分
30256741-6,南京大江北国资投资集团
09392720-X,南京扬子国资投资集团
MA1WJBGU-9,南京晨光集团环保科技分
13541000-7,南京沿江交通发展投资中心
MA1MEPR1-3,南通江海金融信息服务
MA221Y3L-1,常州高铁新城投资建设发展
34624320-2,广发银行股份常州武进支行
MA20ME16-4,徐州高新技术产业开发区产业基金
MA1TE77D-1,扬州远锦人力资源服务
67549733-4,无锡城市发展集团
25045518-X,无锡市新发集团
MA209XXR-0,昆山传媒集团
13476706-3,江苏交通控股
MA20Q46J-7,江苏友谊国际旅行社南京市云锦路经营部
MA1W3WJQ-5,江苏宁句轨道交通
13897080-0,江苏新海连发展集团
MA209Y6A-2,江苏海坤路桥建筑工程徐州分
13476876-0,江苏省三利设备安装工程
73572480-0,江苏省国信集团
13756027-9,江苏省常州环球阀门厂
14004277-1,江苏省金工仪表线缆总
46600384-4,江苏连云港地质工程勘察院
31380069-0,江苏金坛投资控股
78599349-4,泰州海陵城市发展集团
76244590-3,泰州高教投资发展
MA20QCQT-8,淮安岔河城市投资建设
79106825-4,淮安市国有联合投资发展集团
74371402-0,淮安市水利控股集团
75858311-5,上海利基五金塑胶
75858311-6,上海晶天注塑成型
63106751-9,上海科鹰注塑
13383537-8,上海龙人注塑
MA521PF3-1,东江精创注塑惠州
07021797-7,东莞市十方精密科技
31520567-6,东莞市和康轩电子科技
75788288-5,东莞市汇鼎实业
67708923-8,佛山市顺德区健能达塑料制品
68061323-X,佛山市顺德区捷晟电器
75561282-2,佛山市顺德区胜誉塑料五金
78576852-9,佛山市顺德区讯鸿塑料电器灯具
58127850-1,厦门佳宝利塑胶制品
58126791-7,厦门华昌丰注塑
70548108-6,厦门市培荣塑胶
56280072-0,厦门晟益鑫塑胶
06651044-1,安徽格努博尔塑业
32800682-8,安徽海恩特塑业
MA2T77RN-4,安徽百鑫包装
MA2RQ1P0-9,安徽美佳佳塑业
59866415-0,安徽银灵塑业
73709090-1,常州市晨辉注塑模具
74680406-4,常州春翔电器塑料
31383266-8,常州江春注塑
69677927-7,常州玲梅塑料
74066697-5,常州禾郡电器
78647862-X,惠州市天顺精密注塑
67395819-2,杭州临安杨岱注塑制品
76202606-3,杭州富阳辰晟源电子
76821454-0,杭州科力达模型
61541020-9,三江瓦力特特种车辆
55006376-X,上海金盾特种车辆装备
56774982-1,临沂红盛车辆改装
70028209-6,北京中天高科特种车辆
57320216-0,北京安龙特种车辆
MA44MTQU-8,华宇方圆河南车辆改装
14912370-3,合肥开乐特种车辆
77728531-6,大连万顺特种车辆制造
10338330-7,天津市车辆改装厂
58306063-7,威海广泰特种车辆
34447634-4,威海高赛华运汽车改装
39408601-0,安徽太空车辆改装
79865154-9,山东建宇特种车辆
77100813-1,山东恩信特种车辆制造
05312777-7,平凉市华星车辆改装
05658847-2,广东飞驰特种车辆股份
MA1ND513-5,无锡德事隆特种车辆
58554654-2,江苏亿翔特种车辆
34623393-6,江苏天明特种车辆
77688682-2,江苏海鹏特种车辆
07275365-0,江苏鸿昌特种车辆
25038862-6,江阴市汽车改装厂
09780393-3,河南胜通车辆改装
78180466-8,浙江西贝虎特种车辆股份
MA4Q01E3-4,湖南星邦改装汽车制造
MA4Q01E3-5,牡丹江特种车辆改装厂
33128815-X,苏州雅奇改装车辆制造
MA3MB8RG-7,蜗牛特种车辆装备
22067399-5,西铁火车改装修造厂
78876202-6,辽宁保利特种车辆
31052860-1,东莞丸仁电子
MA51J5PW-5,东莞云晖光电
32163618-1,东莞圆锋电子
MA4WBLPR-0,东莞市创慧电子
31526580-4,东莞极飞无人机科技
MA51654K-2,东莞认知智能科技
MA4X8F94-9,东莞长盈精密技术大朗杨涌分
MA1UQ5XR-2,中环领先半导体材料
32166657-5,中芯长电半导体江阴
72446680-X,乐普科天津光电
MA6KUB4U-0,云南顺华智能科技
MA64AF3G-7,信利仁寿高端显示科技
56747418-6,北京世纪金光半导体
56954447-5,北京融安特智能科技股份
59516677-0,华为技术重庆分
05853449-4,华为终端
MA384899-4,吉安市培真电子
MA38539F-5,吉安市炎翔电子
09614403-2,四川天乐信达光电
09532368-8,四川羽玺电子科技
68223019-5,大工科技上海
69137338-2,宁波博莱特光电科技股份
55138508-2,小米科技
MA515X5Q-9,广东星星精密玻璃科技
MA5AN3Y0-5,广州科语机器人
MA5AMY9D-1,广州粤芯半导体技术
39628390-7,成都优博创通信技术股份
72342612-8,成都市川北电子机械设备
61378044-1,文登科乐波电子
72497767-7,文登霓特伦特电子
MA0NACRW-9,内蒙古中朵置业
78707856-4,内蒙古伊泰置业集团
68004753-0,内蒙古吉日格琅房地产开发
55813077-9,内蒙古吉泰房地产开发阿巴嘎旗分
68003558-0,内蒙古吉美房地产开发
68003558-1,内蒙古基初房地产开发
67694030-X,内蒙古宏城房地产开发
39747168-6,内蒙古宏孚置业
55546837-9,内蒙古宏晨房地产开发
74014249-3,内蒙古惠源房地产开发
MA0Q0H2A-1,内蒙古慧宁房地产开发
08217017-6,内蒙古慧泰置业
MA0NGMJA-8,内蒙古慧泽房地产开发
MA0NLRJU-2,内蒙古慧谷鼎和房地产开发
72012050-2,内蒙古红安房地产
MA0NQC95-0,内蒙古红盾房地产开发
57325866-6,内蒙古红福房地产开发
55281767-6,内蒙古红胜园房地产开发
MA0Q28WR-8,内蒙古红达房地产开发
70146766-6,内蒙古绩业房地产开发
MA0PYTW9-1,内蒙古融创房地产开发
69285628-X,内蒙古西蒙奈伦置业
66096277-4,内蒙古金汉房地产
66096277-5,内蒙古金港房地产
57886390-2,内蒙古金航房地产开发
57326977-9,内蒙古金颢仑房地产开发
55547643-2,内蒙古霍煤龙兴房地产开发股份
68001585-4,包头一机置业
55811391-X,包头中冶正盛置业
MA0PYCEU-2,包头市新城亿卓房地产开发
MA1FL1HQ-0,上海万达小额贷款
MA1910B7-X,中新黑龙江互联网小额贷款
58165718-1,佐力科创小额贷款股份
69591848-2,内蒙古汇能小额贷款
31830233-2,北京京汇小额贷款
57181850-0,南宁市金通小额贷款
MA0Y304B-X,吉林省小额再贷款股份
68473920-0,天津滨海新区天保小额贷款
55016405-0,安庆新昌小额贷款股份
08222584-3,安徽省小额再贷款股份
55514773-5,嵩明县信达昌小额贷款
07189224-5,广东省粤科科技小额贷款股份
MA59J30J-1,广州二三四五互联网小额贷款
MA59CKC2-7,广州拉卡拉网络小额贷款
MA59BE6B-0,广州欢聚小额贷款
08036988-6,广州立根小额再贷款股份
05420700-7,德清金汇小额贷款
69368597-X,成都同兴小额贷款股份
68234394-X,武汉信用小额贷款股份
66101328-X,深圳市世联小额贷款
MA5EEB9P-7,深圳市华宜贷小额贷款
59952152-2,甘肃公航旅小额贷款股份
09884810-5,石家庄市中弘和信小额贷款
06466806-9,西藏优富小额贷款
MA5U49X3-4,重庆两江新区盛际小额贷款
09241856-9,重庆两江新区科易小额贷款
58284987-1,重庆商汇小额贷款股份
57619056-4,重庆市蚂蚁商诚小额贷款
07369182-6,重庆市蚂蚁小微小额贷款
09494177-5,重庆海尔小额贷款
63186631-0,上海卫忠连接器
06747779-4,上饶市达淋新材料
77096561-8,东莞华实连接器制造
77185471-7,东莞富强电子
05683104-9,东莞市天智连接器
MA4W7N2T-4,东莞市巩固连接器
MA4WH3KY-X,东莞市捷融电子连接器
MA4UH99F-9,中山市祺鑫电线连接器
77070331-9,乐清市创鑫连接器
79339126-6,乐清市鸿祥连接器制造
74324262-5,兴英科技深圳
75031676-8,国基电子上海
57646943-4,声电电子科技惠州
60828043-4,富士康电子工业发展昆山
61799646-9,富港电子东莞
70405251-1,富钰精密组件昆山
70405251-2,常州市盛士达汽车流体连接器
MA59EQTH-5,广州瑞安信连接器
60820717-3,康普通讯技术中国
71722538-9,慈溪市烁宇连接器厂
73015019-0,慈溪市逍林镇跃进电子连接器件厂
55904076-7,新普科技重庆
13867094-7,江苏中天科技股份
73464630-2,沈阳兴华航空电器
06924669-0,浙江赛创连接器
MA5EHGH3-8,深圳富桂精密工业
33518692-7,深圳市电连旭发技术
MA5EFAXX-8,深圳市腾踏电子连接器
68203143-6,深圳市锶拓通讯连接器
MA31YUYF-X,精连厦门连接器
MA62G7PK-9,三台县绿梦源养殖
MA4R17QU-4,临武县赛福郎德鹅业养殖专业合作社
MA7315BF-4,临洮县林军种养殖业农民专业合作社
MA53DHGR-9,佛山市鸡农辉家禽养殖
MA391Y7F-6,修水县古市镇长福畜禽养殖专业合作社
MA2U3HY8-2,六安市六岗禽业种养殖专业合作社
MA1YJ1PF-8,南京市六合区乐和家禽养殖
MA38RJHU-2,南城县国明四福养鸡场
MA5NLJDP-0,南宁市武鸣区良凤禽业
MA65GKTW-0,四川奕帆养殖
MA0EF0N0-8,大名县晓波养殖
MA2UE3RD-0,天长市长鹤鹅业饲养专业合作社
MA70QXTF-9,安康富强珍禽养殖
MA4CWY5A-6,宣恩咯咯哒养鸡专业合作社
MA5NX4QY-1,宾阳农利来养殖
MA1BXQG1-X,尚志市君源畜禽养殖专业合作社
MA6P0PMB-9,巧家县珍禽养殖农民专业合作社
MA71KRU0-4,广河县成星家禽养殖农民专业合作社
MA60AL2T-X,彭水县铃诗嘉翌畜禽养殖专业合作社
MA53NA33-5,惠州市伟廷养殖
MA3P303B-0,招远市钰源养殖专业合作社
MA1BN636-9,拜泉县久旺庭院家禽饲养专业合作社
MA1BHM35-1,拜泉县景龙庭院大鹅饲养专业合作社
MA3PPJ2E-0,昌乐县忆农畜禽专业合作社
MA0EGA5M-6,晋州艳海养殖场
MA47XCXW-5,永城市王振军养殖场
MA6J3GTT-7,江口县瓮稿众合家禽养殖专业合作社
MA0D78YR-6,河北马胡寨养殖
MA46QRA8-4,河南华成禽业
MA46GWR2-2,河南小优鸡家禽养殖
29900442-7,乌鲁木齐华联房地产开发
MA77QKPW-3,乌鲁木齐富力城房地产开发
MA7769RE-X,乌鲁木齐市恒新佳诚房地产开发
77605978-X,乌鲁木齐房地产开发集团
07220760-9,五家渠金科房地产开发
07607750-6,伊犁九鼎富通房地产开发
06884600-2,博乐市汇富房地产开发
72917599-9,吐鲁番王府房地产开发
56436043-1,新疆中海地产
72694357-7,新疆俊发房地产开发
08538503-3,新疆兆龙诚祥房地产开发
68648708-6,新疆兆龙迪尚房地产开发
62521288-X,新疆创天房地产开发
77346614-4,新疆华凌房地产开发
69343564-7,新疆华鼎房地产开发
62555201-6,新疆南湖房地产开发
56887638-X,新疆君豪置业房地产
69784809-4,新疆四运置业
22859757-9,新疆城建集团股份
MA777KMF-1,新疆宏锦源房地产开发
74865099-4,新疆帕尔拉克房地产开发
55243132-7,新疆广汇信邦房地产开发
62555473-2,新疆广汇房地产开发
73181018-9,新疆德源房地产开发
58475072-8,新疆恒兴源房地产开发
09276838-2,新疆愿景智慧城房地产开发
22858355-6,新疆新铁房地产集团
71890560-X,新疆特变电工房地产开发
MA77HR1T-6,新疆碧桂园房地产开发
73180042-3,新疆胜天房地产开发
11540094-4,中国内蒙古森工集团莫尔道嘎森林工业
MA0QL47Q-3,乌兰察布市正浩能源开发
MA0QL28A-3,二连浩特市欧亚边合建设发展
MA0QL4MP-0,二连浩特市驿捷开发建设
62649509-2,克什克腾旗白音敖包林场
MA0QL23G-0,内蒙古云栖智谷产业发展
06750470-5,内蒙古交通投资集团
73326451-3,内蒙古公路建设
79718130-3,内蒙古国有资本运营
58176897-3,内蒙古国源投资集团
MA0MWGQR-1,内蒙古土地资源收储投资集团
79017998-0,内蒙古大板发电
70149472-8,内蒙古大雁矿业集团
74793964-9,内蒙古岱海发电
MA0NMUG3-6,内蒙古漠海绿洲土地矿产资源投资开发
32907930-8,内蒙古联宇旅游投资
79360999-0,内蒙古能源发电投资集团
MA0QMDDH-8,内蒙古能源发电投资集团金山第二热电分
MA0QKN0T-X,内蒙古蒙达铁路
67690861-7,内蒙古锡乌铁路
MA0Q7DW3-2,内蒙古额尔沁电力
72016808-X,内蒙古高新控股
76447118-7,内蒙古高等级公路建设开发
11440597-0,包头市南海投资集团
76785249-5,包头市城乡发展投资
70124991-7,包头市青山区红房子商城物业管理中心
32908505-4,包头昆仑泉水务
11439255-9,包头钢铁集团
11416149-4,呼和浩特机床附件总厂环民实业
68651311-7,国华巴彦淖尔乌拉特中旗风电
MA5C43FU-8,中瑞营造广州工程
MA547X8D-5,乳源瑶族自治县鑫诚建设工程
MA548T83-8,五华县益胜建筑工程
MA525MM4-8,广东东亿建设
MA5CBGNN-5,广东中天阳光建设
MA52PMPD-X,广东伟创建设
MA54C60H-0,广东六冠建设
MA51BY4D-1,广东华科大建筑技术开发
MA5C4ELN-9,广东国路安建工股份
MA525780-5,广东宏林建设
MA54CNY2-0,广东川粤鑫鼎建筑劳务
MA5FAW15-9,广东建诚建筑工程
MA548UUN-4,广东彤鑫建设
MA525YJ8-4,广东楠通建设工程
MA51EBE1-0,广东泰禾建设
MA524W2Q-2,广东省淳泰建设工程
MA52KD7B-7,广东省盛源建设
MA51ETRD-0,广东睿营建设
MA5C4BMC-7,广州东衡建设工程
MA5FEHDT-2,星悠驰建筑深圳
MA5F971Y-2,春昇建设集团深圳分
MA547Y3A-1,梅州市智航建筑工程
MA542J69-4,梅州市耐迪斯地坪体育建设工程
MA5F0G4Y-7,深圳华大基因家园建设发展
MA5F95UA-5,深圳和顺建筑工程劳务
MA5FA2BN-8,深圳市中广岩土工程
MA5F948M-0,深圳市佳润建筑工程
MA5F9KQ5-X,深圳市建业建设工程
MA525LFX-8,深圳市恩歌源建设集团肇庆分
MA5G0U3G-2,深圳市深汕特别合作区兴漠建材
79286290-0,云南云天化股份天湖分
67658902-X,云南鸿泰博化工股份
76627734-5,北京丰民同和国际农业科技发展
10255672-0,北京富特来复合肥料
80294001-0,北京科蕊复合肥
05438046-7,北海宝农农业科技
75725855-6,原平平康磷化
57409709-1,吉林新力源化工股份
74934830-8,吉林邦农科技
07887929-7,四川省中江金生磷化工
57529003-7,四川眉山凯尔化工
20535069-6,四川蓥峰实业
78912439-2,四川金杯化工
55080256-9,埃斯科姆星四季青岛作物营养
69093604-0,埃斯科姆米高四川化肥
75298453-2,安徽定兴肥业
67262789-3,安徽德邦化工
MA2NAWMC-1,安徽成达生物质新材料
79641931-6,安徽道尔化肥
MA1B467F-4,宝清北大荒米高农业科技
74127662-9,宝鸡新科农业经济发展
59704345-9,山东万豪肥业
59261654-5,山东农保姆肥业科技
79036883-7,山东普金肥料
58899613-5,岳阳市兴盛复合肥
18271641-2,当阳市星光磷化
76483650-2,德福莱克生态肥业烟台
39533636-8,怀仁县金艺生物有机肥
76587598-4,江苏丰民肥业
72221847-4,江苏双昌生物科技股份
74896339-2,东方地毯集团
MA05QXM3-8,东方雷诺地毯天津
59898410-3,东莞市宏进地毯
58295199-9,中山市博轩地毯
MA74GDR0-8,临夏县盛飞地毯
79464922-2,佛山市顺德区琅美地毯制品
62590773-7,北京航空工艺地毯
76335552-0,华腾地毯
76054769-0,南通金凤凰地毯制造
78144361-2,圣源地毯集团
22492033-2,天水宾乐地毯
74137082-6,天津市恒信地毯
61375093-9,威海山花华宝地毯
78234249-3,山东东沃环保新材料股份
MA775QC2-7,巴楚县白鸽地毯
55249705-1,常熟市斯美特纺织品
09427727-X,广东美适地毯
70645174-3,捷成地毯青岛
57620638-6,新疆和田羊手工地毯集团股份
60792305-5,无锡富星地毯
77265733-6,昭通大山地毯
25117573-7,江苏中联地毯
60818741-6,江苏开利地毯股份
56199055-0,河北宏兴地毯纺织集团
69555726-9,深圳市硕方地毯
56815551-5,绍兴市可鑫纺织地毯
60827222-3,苏州东帝士纤维地毯
68052516-8,英特飞模块地毯中国
58842991-5,萧氏地毯中国
61471260-0,郑州华德地毯集团
58399638-X,余姚市舜达安防设备科技
56821216-1,佛山市华鹰智能楼宇科技
57019579-4,佛山市威格特电气设备
74802075-7,佛山市家卫士电子
66149483-7,佛山市美好花地电器
75208298-5,佛山市顺德区洋机特精密仪器制造
78040544-6,宁波市北仑凯捷智能机电
59539996-1,宁波杭州湾新区硕成电子
74216645-6,宁波澳普网络通信设备
05381460-6,宁波研创光电科技
72049850-5,宁波能士通信设备
MA2CL6DL-7,宁波蓝耀科技
58399740-3,宁波虎符通讯科技
78434592-X,宁波钜隆电子科技
66646583-2,广东科源电气股份
58138326-4,广东顺德科锐玛电器
74451732-8,日照万浦门业
72754291-9,日照市八达通讯设备
MA203C55-2,江苏申玻化学试剂
MA281H0U-5,浙江元海科技
77436460-9,浙江华甸防雷科技股份
55479166-8,浙江威龙文迅电子
MA283PTK-0,浙江拓邦电子科技
77274786-8,深圳市亚特威科技
79170363-3,深圳市众诚达电器
69906465-6,深圳市喜来乐科技
69398142-9,深圳市晶慧通科技
71523244-6,深圳市永安联电子
30904685-9,象山华凤电子
MA3PMRA6-1,青岛捷途电子
MA285ANP-3,乐清旺达铜材
MA4UWNJC-8,广东创恒穗兴达铜业
77833193-5,广东创新发铜业
MA4WQGEU-3,广东富之源铜业
73310484-3,广东楚一铜业
33476085-1,广东海亮铜业
57452975-5,广东高特铜业
58886864-3,广德亨通铜业
75098261-3,广德新昌铜业
68092527-6,广昌县众发铜业
67240697-8,广昌县华能铜业
68526823-6,怡江厦门铜材
77245252-5,昆山大桥铜材
MA27X90H-0,杭州勇华铜材
76548489-5,杭州振兴铜业
68584082-9,杭州金博铜业
77009986-0,株洲鑫盛铜材加工
73827652-1,江阴市盛园铜材
66906186-8,河北大无缝建昌铜业
67990946-3,河北大无缝铜业
10973387-3,河北金益铜业
17318981-7,河南七星铜业
77510297-7,河南三丰铜业
MA46073K-1,河南盛世新星铜业
MA443MPM-3,河南省世达铜业
72584180-0,河南省新乡恒鑫铜业
72700924-1,河南省新昌铜业
78506949-6,河南省金鹏铜业
18473797-0,湘潭市异型铜材厂
69670486-5,灌南县炬鑫铜业
MA0EGN4W-7,中国电信集团唐山曹妃甸昱海澜湾营业厅
MA08TH5G-1,中国雄安集团
72335912-1,中海石油中捷石化
10594118-1,保定市粮油贸易
E1025231-8,兴隆县自来水
56739513-8,冀中能源国际物流集团
78405082-2,冀中能源集团
MA08E7WK-7,冀资河北置业
68278989-6,唐山市丰南建设投资
MA0EGW8U-0,唐山申创热电
MA0EP1WQ-5,国家石油天然气管网集团建设项目管理分
79840868-8,平山县城建投资
72161959-1,廊坊市城市建设投资开发
10474452-2,开滦集团
MA0EQGPH-3,张家口泰浩建材科技
68432143-7,张家口蔚县源恒建设发展集团
MA08NTA4-5,承德避暑山庄旅游集团森林空气科技开发
MA097NMN-4,曹妃甸国控投资集团
MA0EN622-0,河北南水北调中线调蓄库建材
MA0FAJ7A-3,河北国运项目管理
MA0EHC73-4,河北壹方天江药业
10432151-1,河北建设投资集团
MA07P2YA-3,河北昌泰建设发展集团
74154360-0,河北港口集团
MA08HMJY-6,河北省冀财公共事业投资
10432226-6,河北省商业进出口
73562550-3,河北省国富农业投资集团
40170138-5,河北省建筑科学研究院
MA0EUCPU-0,河北高科智城运营服务
MA0E5M0N-5,河北高速公路集团
MA00FL2P-3,丞家北京公寓管理
08283103-4,中国海洋置业北京物业管理分
56205018-1,九州恒辉物业管理北京
MA007JM9-0,北京久好物业管理
09964292-6,北京乐乎公寓物业管理
MA018QH0-0,北京京投睿德物业管理服务
57125140-1,北京人保物业管理西城分
09242357-9,北京先锋华园物业服务
56744144-8,北京北投商业地产经营管理
08964589-1,北京华服物业管理昌平分
08965239-7,北京华服物业管理朝阳分
31799722-4,北京华联第一太平商业物业管理
56953280-2,北京嘉盛兴业物业管理
MA008QB6-0,北京天鸿宝地物业管理经营第五分
05920072-8,北京安河仁嘉物业管理
MA01FPKJ-0,北京宏远第一太平戴维斯物业管理
08285236-1,北京搜厚物业管理望京分
MA01BFD1-X,北京春海建设发展二分
MA019TF1-X,北京深蓝动力物业管理服务
MA01CB73-2,北京空港新苑物业管理
08963921-3,北京置汇物业管理
MA0072RX-2,北京蒲公英物业管理
33029664-1,北京长晟物业管理
MA004TKF-8,北京阳光将台物业管理
56947282-X,北京颐堤港物业服务
MA018W1F-8,华润置地北京物业管理海淀分
35295698-9,幸福基业物业服务北京丰台分
MA01ABX6-1,幸福基业物业服务北京房山分
08281428-5,广东碧桂园房地产信息咨询北京分
08052881-6,德贝斯特北京物业管理
20890058-5,四川省宜宾市叙府粮油制品
73162814-1,四川省川粮油脂
62088697-3,四川省广汉市油脂
21100047-3,四川省德福油脂
75158790-6,大连金石粮油食品
69853091-8,大通县富海粮油
74138505-9,天津东方雷格工贸
79251495-7,天津东盛油脂
72755433-8,山东香驰粮油
MA3N34YH-6,山东鲁味花生油
MA3R2R18-3,山东鲁姬香食品
68321789-X,山东鲁帝集团
68933037-5,广州市胜龙食品
55838058-3,广州市金晨油脂
MA5CW3D3-7,广州康华油脂
71687306-9,江苏欣盛植物油脂
14008009-X,江苏民康油脂
MA1W0EGX-8,江苏永元粮油食品集团
09415252-2,江苏永友食品科技
09349125-8,江苏汇福油脂科技
09349163-7,江苏汇福蛋白科技
79327258-2,湖北奥星粮油工业
68848702-0,湖北奥龙粮油工业
79877135-6,湖北宜恒茶油产业科技
MA490LCG-7,湖北广然粮油科技
75103955-5,湖北康宏粮油食品
75865734-8,黑龙江红兴隆农垦清河油脂
MA19G04U-5,黑龙江红油坊食品
78602140-0,黑龙江绿金食品
MA18YL50-0,黑龙江翰德粮油
58343151-4,上海海阳保安服务股份
07299553-7,上海煜诚保安服务
77766001-6,中安保安服务
57565275-5,伊金霍洛旗华泰保安服务
78690842-3,光泽县金剑保安
31843937-1,内蒙古鹏泰保安服务
72148469-0,北京怀保保安服务
80287151-0,北京金蓝盾保安服务
L1680083-0,华之盾保安服务北京
12448543-3,吉林市江城保安
78852381-8,吕梁国投保安服务
11010177-7,太原市保安服务
16315751-2,山东振邦保安服务
58851465-0,山西雪豹保安服务
67974600-0,广东中保华安保安服务
58005465-3,广东国保保安服务集团
56352845-8,广东鹏祥保安服务
16444168-9,枣庄国银保安服务
59114961-5,江苏猎狐保安服务
07184174-7,江西威盾保安服务
56726217-5,河南华德保安集团
56863989-4,河南皇甲特卫保安服务集团
06759639-8,河南蓝盾保安服务
58777270-3,浙江华卫保安服务
19244018-1,深圳市蛇口保安服务
55868268-8,深圳市鹏诚卫保安服务
58797577-0,湖北中安保安服务集团
78815146-0,湖北兴安保安集团
67356888-0,湖南省湘安保安服务
75465236-3,神之盾保安集团
10168993-5,《中国国家地理》杂志社
63372989-7,《中国学术期刊光盘版》电子杂志社
56368850-7,《中国汽车报》社
56368850-8,《中国经济时报》社
11312473-9,《学英语》报社
78723255-X,上海世纪出版股份科学技术出版社
42520379-4,上海世纪出版集团
E7881231-8,上海交通大学出版社
10000259-9,中国新闻发展
MA01HN8J-X,中国日报社
10000788-3,中国经济出版社
15826206-X,二十一世纪出版社集团
MA007TG9-X,北京日报社
H5262825-8,外语教学与研究出版社
11001109-3,山西日报社
19032573-7,广东南方报业传媒集团
45534516-0,广州日报社
12633026-7,延边人民出版社
77581643-5,新华文轩出版传媒股份
77983119-X,新华文轩出版传媒股份文轩连锁分
76586099-3,江苏凤凰出版传媒集团
15826175-3,江西教育出版社
15826209-4,江西美术出版社
77216910-5,河南日报报业集团
17756976-1,湖北科学技术出版社
69403885-4,湖南日报报业集团
67593503-1,甘肃日报报业集团
60004098-9,童趣出版
79488501-4,读者出版集团
77849438-X,重庆出版集团
MA1FPG3K-5,上海光怀科技
MA1GBBRQ-8,上海兮蔻商贸
MA1GCNNJ-3,上海凡渡装饰材料
31259521-8,上海利格泰生物科技
31232690-7,上海制祥实业
MA1HWPDT-7,上海合锦国际贸易
MA1GTJQN-7,上海容东激光科技
MA1GP166-X,上海展氏进出口
57918275-4,上海岩征实验仪器
MA1HB1Y0-3,上海戊青能源科技
MA1JCYJL-7,上海拓太木医疗科技
MA1HRFGB-4,上海极纺生活用品
MA1JCQXR-3,上海枫墀实业
MA1JCYT8-4,上海楠馔贸易
57918936-6,上海楷杰精密模塑
MA1G5P58-6,上海犇牛农业
31256805-X,上海瑞气气体科技
MA1K3G5W-0,上海瑞熤自动化科技
MA1HRF45-9,上海考瑞科技发展
MA1HAUPD-6,上海芝松航空科技
31259436-2,上海莱霓国际贸易
MA1J1KR0-8,上海菲舒针织品
MA1GWCFW-8,上海诚英精密模具
MA1J3YL0-9,上海鑫森智造科技
MA1JNB3R-1,上海钰坤包装材料科技
MA1JNEFH-4,上海鲜界科技
MA1K3FBW-6,丝幂拓机械上海
31057582-X,中芯国际集成电路新技术研发上海
MA1HAUD5-4,伟绩地板上海
MA1K4J6N-7,克林斯曼进出口
68774492-9,TCL奥博天津环保发展
MA1H9Q7J-4,上海千歌环保科技
08202433-9,上海千湖环保科技
77149642-X,上海千辉环保设备
MA00204E-8,北京恒世天元生态环境工程
68693239-7,北京恒盛世茂环保科技
30257658-2,南京木达环保科技
MA1NJH0K-3,南京沐歌环保科技
MA1MM8JL-3,南京纳菲斯环保科技
69011685-1,埃净环保科技上海
MA1HP66X-5,埃能基诺上海环保科技
MA2N26DM-1,安徽爱凡环境工程
MA2RA22W-X,安徽艾丁环保科技
68363790-7,安徽艾可蓝环保股份
34916419-8,山东赛恩环保设备
06117226-0,山东赛鲁环保工程
59926834-4,山东铭佳环保科技
77632524-0,山东铭创环境工程
MA3C71TU-4,山东铭浩环保科技
76368356-7,山东铭翔环保科技
MA4W0BL1-5,广东绿晟环保股份
07654042-5,广东绿森环境工程服务
58471853-3,广东绿深环境工程
MA4WLDT8-3,广东绿神器环保设备科技
68459385-4,成都东丽环保工程技术
58499591-X,成都东生环境工程
MA6CEPTY-6,成都尔康环保技术
77748420-0,成都都成环保股份
MA1YBMWY-1,江苏润柘环境工程
68918930-8,江苏润源环境工程
30381066-8,东莞市可大纸品
55727239-6,东莞市同舟纸品
30421041-0,东莞市景盛纸品
55361436-0,东莞市茂源纸品
35196824-0,东莞振兴纸品高埗分
MA4W3NE2-8,中山市恒宝纸品工艺
61380387-7,亚太森博山东浆纸
55104449-9,四川金红叶纸业
69064934-0,寿光美伦纸业
59926733-3,山东君上纸业
09219451-8,山东太阳宏河纸业
06873767-4,山东太阳生活用纸
70609428-0,山东太阳纸业股份
MA3BY2KR-1,山东德派克纸业平原分
61358898-6,山东晨鸣纸业集团股份
59928703-5,山东荣华纸业
09624087-6,山西碧水青山石头纸
MA48T4EY-8,山鹰华中纸业
08159431-3,常州顶丰纸制品
MA4UHF5U-2,广东理文卫生用纸
61841337-6,广州造纸股份
75124492-X,广西金桂浆纸业
MA4UUX1A-3,开平市东发纸业
33096455-8,徐州中兴纸业
55782498-X,恒安芜湖纸业
69659879-1,恒安重庆生活用纸
09070702-5,斯道拉恩索广西浆纸
69857770-8,新邵德信绝缘纸板
33639815-5,江苏济丰包装纸业
MA35H62L-0,江西理文卫生用纸制造
69171572-5,ABB杭州盈控自动化
MA28GLGK-8,台州市五嘉塑业
70467560-4,台州市五洲船业
MA2AM2TL-1,台州市松威机械
06416767-8,台州市松群进出口
MA2AL6U0-1,台州市西缅进出口股份
MA28AK89-1,嘉兴速享电器
77074008-0,嘉兴速净环保设备
MA28BYLN-2,嘉兴速搏管业
76452516-5,宁波五洲医疗器械
09335452-8,宁波伍德沃克工具
08477883-9,宁波伍柏阿巴特进出口
30899586-8,宁波午森进出口
58052041-5,宁波旭东新盛汽配
55799278-0,宁波旭峰太阳能
30900103-6,宁波雅威水净化设备制造
74946688-1,杭州孚莱达纺织品
68293840-9,杭州易亿实业
MA28MFNJ-0,杭州易优国际物流
32816786-7,杭州易怡进出口贸易
71258558-8,浙江三宝印刷
60977051-5,浙江三贝制衣
05956004-5,浙江仁派服饰
59660063-9,浙江伦齐进出口
MA29FRYJ-6,浙江全思科技股份
32824825-3,浙江全植生物科技
68559299-2,浙江全泰工具
34196800-1,浙江全行医药
MA29UCPG-5,浙江启哲进出口
MA28BEC3-7,浙江日光潮贸易
MA01PND6-9,一起玩国际旅行社北京劲松门市部
05253750-4,丁途旅游
33254472-5,上海力程国际旅行社
MA1HBAPE-5,上海宏深国际旅行社
32319241-4,上海申茂国际旅行社
05459759-4,上海金翅鸟文化旅游发展
MA01TRAX-3,中国国际旅行社总社北京北苑路门市部
MA60PXWC-6,中国旅行社总社重庆沙坪坝区华宇广场门市部
MA018NJW-7,中康高科国际旅游股份
06713274-5,云南咕噜旅行社
71941518-6,云南现代国际旅行社
70972204-3,云南阳光旅游集团
MA78T6CP-2,伊宁市信达国际旅行社
MA67JA4W-2,内江熙泰旅行社金科公园王府门市部
34843844-1,北京四海天龙旅游开发
MA6123FX-3,北京欢乐云国际旅行社重庆分
MA004NT5-7,北京洪熹翱翔国际旅行社
MA20F52K-2,南京半山旅游发展
MA1W6W39-0,南京小黑鱼旅行社
MA698RRR-6,四川全球通国际旅行社股份泸州市龙马大道二段服务网点
MA699Y63-0,天外来物成都旅行社
MA06XEMJ-6,天津北中国际旅行社北辰区龙居道门市部
08795069-X,好程旅行社上海
34063038-3,宁波市文化旅游投资集团
MA2UX8Y2-2,安徽狂游国际旅行社
MA1W5MNC-X,就爱去国际旅行社
MA0KWKQN-8,山西红马国际旅行社世贸营业部
MA344YLP-9,平潭旅游股份
MA9UXC0P-8,广州众游国际旅行社
19043224-1,广州广之旅国际旅行社股份
77628702-9,上海智宇粮油
71224897-9,东莞市三利粮油
MA4UK0EA-1,东莞市中之福粮油
79770143-6,东莞益海嘉里粮油食品工业
57461166-0,中储粮油脂成都
58691788-6,中储粮油脂唐山
55344944-9,中储粮油脂天津
72447574-9,中粮利金天津粮油股份
55633991-5,中粮粮油工业巢湖
55678667-8,中粮粮油工业重庆
55393124-3,中粮粮油工业黄冈
73861926-4,九三粮油工业集团
69068930-X,京粮天津粮油工业
58084352-1,北京华源兴德粮油制品
56951795-2,北京德通顺达粮油制品
56951795-3,北京新良粮油工贸
MA348Y7B-7,厦门原光植物油
62160141-5,嘉里粮油四川
61431679-8,嘉里粮油青岛
71519189-1,大海粮油工业防城港
72554425-9,安徽中粮油脂
07561418-9,安徽国伟粮油
68499547-4,安徽达园粮油
70497542-0,安徽阜阳宝鼎粮油
05449727-8,安徽鼎峰粮油
MA59ARLE-0,广东友粮粮油实业
59131995-2,广西浦生粮油食品
59465715-6,成都市鑫禄福粮油
67716254-6,成都融海粮油
72522182-0,江苏幸福门粮油
MA3CH47T-9,东营中润新材料
MA53W9PR-8,中山市前诚照明
MA53N9H0-7,中山市博利龙照明电器
MA53QBJA-3,中山市威辰照明
MA4UURHL-9,中山市微牌照明科技
MA53NBYD-7,中山市斯名灯饰制造
MA522JBH-X,中山市智森灯饰
MA53X5B5-3,中山市金旗照明
MA516UNU-3,中山市鑫胜锋灯饰
MA523GNX-4,中山市钜东照明电器
MA4UUQWM-X,佛山市乐达凯照明
MA5EXC17-5,凯笛佳照明深圳
MA2DU6TK-0,台州市鑫煌灯饰
MA2B8GNT-1,嘉兴益飞勒照明科技
MA2RQKHF-2,安徽爱科美照明
MA3N469U-4,山东苏富思照明科技
MA4UUNUU-4,广东姹紫嫣红灯饰
MA5174Q7-9,广东连盟照明科技
MA532EP4-X,广东青灯盟照明
MA5P4AM8-3,广西麟祉照明科技
MA4XAA6G-5,惠州市彬赢光电
MA1WKX4R-3,江苏海成照明
MA532LWW-2,江门市杰普瑞照明科技
MA45JJNW-2,河南晟梆照明科技
05130526-9,浙江凯耀照明
MA2B4JYL-2,浙江明都创芯电器
MA2B8EU3-8,浙江派觅琪照明科技
MA2DCEJP-1,浙江西恩照明科技
MA2AMY5Y-2,浙江长烁灯饰
MA5EXM69-0,深圳市易欣光电
79707525-2,上海东海风力发电
59314315-3,上海临港海上风力发电
79891720-4,上海华港风力发电
58343120-7,上海申能长兴第二风力发电
MA1NNU3C-4,上海电气响水生物质发电
MA017URW-1,北京保能售电
MA00CU4Y-8,北京成利售电
MA01MG6W-1,北京朝北智慧电力发展
MA00EN1A-4,北京贝棱斯售电
MA00GQU3-0,北京长城电力供应
06236712-3,国网四川甘洛县供电
74032912-7,国网四川都江堰市供电
16472118-9,国网山东省电力东营供电
MA3C1NY5-9,国网山东省电力广饶县供电
MA3C098C-7,国网山东省电力长岛县供电
56347089-0,城口县友信水力开发
77485017-2,城口县天成源水电开发
76269708-6,城口县蓬源发电
75623675-0,城口县鸿源水力资源开发
76478580-5,池州市三二五发电
MA2N8NK7-2,池州市秋浦河水电开发
MA2NQ7YP-3,池州皖能新能源
75801585-5,湖南联诚浪石滩发电
73288984-5,湖南联诚程江口发电
75062569-1,湖南联诚鲤鱼江发电
09293222-6,湖南联运望云山新能源开发
69620853-8,湖南茉莉滩水电开发
MA4LFRWH-1,湖南龙源风力发电
MA6Y3AQY-6,澄城县红日新能源科技
76706579-0,澄江南盘江水电
MA1HUCMY-9,上海滕坤汽车零部件
MA496MCF-4,东风汽车底盘系统悬架弹簧工厂
MA2AFTE6-9,余姚市鼎诚汽车配件
MA4WNL9Y-1,佛山市特森特汽车用品制造
55961861-0,信阳瑞泽汽车精密部件
MA17D3BG-5,公主岭市昊晟汽车零部件
76801910-4,博世汽车部件长沙
34416195-9,台州杰诚联合汽车配件
MA17D3DX-7,吉林省铧锦专用汽车制造
55499801-X,大连恒祥汽车零部件制造
60089601-5,天津丰津汽车传动部件
MA06WR83-6,天津津丰汽车转向器
MA06WREQ-2,天津越祥汽车部件
55798527-3,宁波乐驰汽车部件
55798044-8,宁波余交汽车零部件制造
MA291QM4-8,宁波正朗汽车零部件
MA2GWH1N-0,宁波索菲亚汽车零部件
MA2UE67Y-3,安徽顺拓汽车零部件
MA6XHF4A-9,宝鸡威驰达车辆制造
MA21GPLR-1,宿迁凯泓汽车部件制造
05679196-4,广东科世得润汽车部件
MA59PHUG-9,广州昌达汽车零部件
MA59PJCY-7,广州鼎佳实业
67967033-3,成都住电汽车线束
09923327-6,成都凌云汽车零部件
07536420-4,成都吉豪汽车部件
74393559-5,无锡戴卡轮毂制造
76822061-7,杭州金日汽车零部件
MA4KUNTJ-9,武汉良欣汽车零部件
MA1P5TDW-2,江苏致雅汽车零部件
59273016-1,万兆万品软件开发
68727010-2,三亚中兴软件
MA5T518J-9,三亚大时天软件
57097945-X,三明市新华远软件
MA093M45-8,三河东谷软件开发
68826495-1,东营致远互联软件
68947243-7,东营金石软件
78872654-3,东软云科技
MA775CLQ-2,乌鲁木齐致远博创软件
05774482-8,乌鲁木齐西伯鼎新软件科技
55244429-1,乌鲁木齐雅碧科艺软件
39592535-7,乐软能士湖南科技
MA4KWLEA-5,元年东方软件
55981419-5,元拓软件大连
15832715-0,先锋软件股份
MA2TH7GM-0,六安中科信达软件开发
MA2N08XW-5,六安市天邦软件科技
72022009-5,兰州中汇软件
MA01DBXF-1,北京信软同创技术
06731864-6,北京华软国信科技
66998194-7,广州轻软计算机科技
MA59C1T8-2,广州辛亥软件
07019568-3,广州辰星教育软件
MA63PR2R-4,成都东禾优创软件
79216355-2,成都东翔软件开发
78812226-4,成都中兴软件
66230678-9,杭州宇田软件开发
70421823-5,杭州富达软件
73320757-8,杭州广域软件
MA2CCM18-9,杭州延越软件
77210674-5,上海升华家政服务
55427197-X,上海宏信家政服务
77760268-4,上海家仁家政服务
73624088-3,上海拓实家政服务
67474450-8,余姚康贝家政服务
66154726-5,佛山市好嘢家政咨询服务
66544561-0,兰州吉祥家政清洗
73647470-0,北京中青家政
56207090-8,北京君旺家政服务
69962357-7,北京顺洁廉家政服务中心
MA00F91R-0,北京馨净界家政服务
68254975-3,南京美腾家政服务
55586494-5,南通飞达家政服务
76928975-5,厦门亮捷家政服务
67127366-7,厦门亲友朋家政服务
68529118-8,厦门同德欣家政服务
69300472-4,厦门葆婴家政服务
76080565-3,合肥宣民家政服务社
75813370-4,天津市洁仕家政服务
68133665-X,广州星光家政服务
56163535-6,彭水县保时洁家政服务
79219158-8,成都市恒安信达家政
55356343-6,成都鼎力家政服务
74865945-4,新疆好朋友家政服务连锁
68125445-1,昆明优乐家政服务
55266479-6,杭州杰仕家政服务
69974270-1,梅州市客家大嫂家政服务
78276096-X,深圳市三至家政服务
76637968-3,深圳市乐居家政服务
56422880-1,深圳市好万家家政服务宝安分
09105980-8,倍护中国
75423237-7,兆丰康体科技九江
79698475-3,南昌九合实业
32251925-1,南昌九曜贸易
67797947-6,南昌九源工艺品
MA35GFLN-7,南昌炯亮信息科技
MA35HR1R-0,南昌金亦佳实业
56868037-9,南昌锦晖仪器设备
MA35UHAR-1,南昌锦能针织
MA38DXGB-2,南昌靖超进出口
67241219-8,博硕科技江西
72775569-0,博雅生物制药集团股份
68347252-4,志成实业龙南
32168103-8,志阳科技中国
56154214-1,振宇达科技吉安
33300713-9,樟树市中科精细化学
72393795-6,正邦集团
MA35FXAT-X,江西奥依迪电子科技
58920538-2,江西奥沃森新能源
05444799-1,江西奥特科技
71658733-7,江西奥通信息产业
31468571-9,江西省农心进出口贸易
74196486-X,江西省梦龙果业
MA38AB8X-5,江西省欧啦贸易
55086419-6,江西省欧泰诗汽车部件
30929238-X,江西省米库环保科技
MA35F4T7-1,江西省米河服饰
MA38Y0AW-0,江西省美之汇发饰
08147760-0,江西省闽豪科技实业
MA38YD5E-7,至信搏远新材料科技
13220822-5,上海市医药保健品进出口
13468720-7,上海欣旺保健品
76559364-5,上海海斯莱福保健食品
73850176-8,上海福易得保健食品
MA1FPG65-1,上海雷允上北区参茸保健品第一分
79564526-6,上海靖明保健食品销售
60751871-1,上海鹰基保健品
MA546QAL-9,东莞市和辉食品贸易
MA53U1UB-6,中山市福铭轩参茸保健品
21652680-2,云南医药保健品进出口
MA546UKM-1,佛山市闽联食品贸易
MA01AUPW-5,北京万莱康营养与健康食品科学技术研究院
MA01DGL2-2,北京葵与葵保健食品
MA207TFK-7,南京市玲敏张保健品科技
76582189-8,南宁伟创保健品
MA207B7G-4,南通乐百年保健食品科技
MA2UCWEM-X,合肥念好食品销售
06864619-0,吉林亚泰康派保健品
MA1BTX83-2,哈尔滨熙食品保健食品经销
78229000-5,四川君晨保健品
79783097-5,四川联成迅康医药股份
MA06TWD5-1,天津鑫源保健品销售
MA2U79J7-9,太和县仲晞保健品
MA47X3XB-9,太康县伍福家园保健食品
MA3QRWR3-7,山东煜璋保健品
MA20KPH9-X,常州盛世佳康保健品销售
MA005139-X,幼之源北京营养食品
MA5D2QHD-4,广州小火车港货养生保健品
MA5D05E1-9,广州市茂泽食品贸易
MA5D01W8-X,广州裕康食品贸易
83281712-8,上海朗达电缆集团
MA1J3K8K-1,上海胜通电线电缆
58234634-2,上海蓝昊电气江苏
MA530ACC-0,东莞市新扬绝缘材料
57015383-4,东莞市锦略电线制品
67524893-6,中山市创宏电线制造
07673941-8,中山市博宇电线
76571441-9,佛山市南海通达特种线缆制造
10338432-6,天津金山电线电缆股份
MA2TCW4Y-3,安徽胜科电气科技
MA2TCQF1-7,安徽远胜电线电缆
MA1XPH0D-8,定佰特种电缆苏州
16488374-3,山东万达电缆
75541039-0,山东莱河电磁线
MA3P0G3B-8,山东鸿驰电缆
X1847067-6,广州市珠江电线厂
58020159-6,新疆宏鹏电线电缆制造
75004717-4,无锡华澄线缆
19889242-9,桂林国际电线电缆集团
17771533-5,武汉第二电线电缆
73177942-5,江苏万奇电器集团
13485849-1,江苏华远电缆
79089226-8,江苏奥尼特电缆
73333240-8,江苏广源电线电缆
13691878-5,江苏正元电缆
MA38B3TT-X,江西天昊电缆
X1482884-5,河南通达电缆股份
69820268-2,浙江浙上电线电缆
08854120-6,淮安市金貂线缆
78136031-5,深圳市沃尔特种线缆
73262462-8,ABB中国济南分
78610165-4,三星重工业荣成
86309791-X,中国东方航空股份山东分
61399303-3,临沂新程金锣肉制品集团
31050514-3,临沂金锣文瑞食品
61437062-0,乐星汽车电子青岛
76575900-0,乐金电子部品烟台
26717022-8,华电国际电力股份
77529823-6,味之缘烟台食品
72755824-0,威海世一电子
MA3NWPE0-5,威海山村园林工程
72925615-8,威海新兴迪基塔尔电子
72925615-9,威海水匠装饰工程
77743107-X,威海电美世光机电
79036309-1,富士康精密电子烟台
79036309-2,富士软件科技山东
32168027-0,富盟电子科技菏泽
26714066-X,山东国大黄金股份
MA3NWQT9-7,山东宜测生物科技
72620003-6,山东金岭化工股份
79887358-X,山东银鹭食品
26719557-2,山东鲁能泰山电力设备
26719557-3,德州中南复合材料
61378184-X,文登信亚机电
MA3CH6Q7-5,新派上海餐饮管理淄博第一分
74780980-1,日照钢铁
79531064-2,昌邑安利兴生物质发电
79531064-3,明治机械德州
79531064-4,柠檬幼儿教育咨询青岛
79531064-5,济南竣弘物业管理
79531064-6,井研县福开源养猪服务专业合作社
79531064-7,井研县禾康玉米专业合作社
33194841-0,四川丰瑞农业发展
66532966-0,四川乐人居农业科技
MA67LA14-5,四川乐原农业服务
39447252-8,四川乐图林业
74964139-5,四川国垠天府种业
07243407-8,四川国康农庄农业
MA6CL118-8,四川国新大正牧业
MA62LEG8-X,四川国源农林科技
MA698ELX-1,四川垚辉农业科技
MA6A5998-1,四川天下恒通农业开发
MA69A967-0,宜宾美康种养殖专业合作社
57527246-1,宜宾美来养殖
77790222-2,宜宾苡酉林业开发
MA66BUKX-2,宜宾若嘉种养殖
MA69M1KQ-9,宜宾食在石海农业发展
MA68D9QW-8,屏山县硒富农业发展
MA67N4RM-2,泸州仕全种养殖专业合作社
MA676EMP-X,泸州华翕农业发展
33780319-1,泸州华蕾农业科技发展
MA68Y4CG-9,泸州华衍种养殖专业合作社
MA624452-0,绵阳大桠口水产养殖专业合作社
77297980-2,绵阳大正养殖
08582383-0,绵阳天运畜禽养殖
70891025-3,自贡市远彬园林
MA6AQGR1-2,自贡市远春生猪养殖
58835425-5,达州市达川区天禾茶叶种植专业合作社
57525160-1,达州市达川区姚红养殖专业合作社
59750184-3,达州市达川区宏梓种植专业合作社
71466859-8,保康县农丰化肥
73913028-4,大冶华润燃气
MA488J7K-5,大冶市旺成新材料制造
17871298-8,大冶有色金属铜录山铜铁矿劳动服务
70696228-7,安道麦股份
70695279-1,安陆市华鑫化工
61599234-1,安陆市奥森石油化学
78447895-X,宝姿日化(湖北)
55700986-2,崇阳县齐汉纺织化工助剂
72203090-6,当阳市森成林化
08493609-1,拜尔斯道夫个人护理用品中国
71193105-5,拜尔斯道夫日化(武汉)
72610614-6,楚源高新科技集团股份
79241213-3,武汉凯马仕精细化工
73354864-7,武汉力诺投资控股集团
75182605-7,武汉南铁特种涂料
58249953-3,武汉圣佳化工
74141471-0,武汉市佳记涂料化工
30021354-2,武汉市吕墩化工制造
78199494-0,武汉市欧赛石油技术开发
30985124-1,湖北共富生态农业科技
59424964-6,湖北和为生物能源
MA4891DX-6,湖北国抒特化工实业
75101015-4,湖北广达化工科技股份云梦化工厂
55065654-9,湖北澳佳肥业
MA491TQJ-8,湖北财亿顺得亚临界生物提取
70703009-4,湖北赤壁永兴工贸
56549694-7,湖北顶铭环保材料
07050004-3,湖北飞天石化
MA4941YA-5,湖北鼎中新材料
69579371-2,上海德朗能动力电池
67116795-2,上海鹏信电池
MA4W1TPQ-X,东莞景鑫电池
MA5302ET-0,中山市嘉博锂电池
MA544T5T-X,中山市朝德电池科技
MA1MCGA5-2,中航锂电科技
MA4UUFKR-4,佛山市南海丰力电池
MA52R1F3-8,佛山市新维电池
08049848-5,北京电控爱思开科技
MA2DUDHQ-2,台州心锐电池
MA2TYBF2-4,合肥易成动力电池科技
MA2CW7YW-3,嘉兴市中里锂电池
07949445-2,大连中比动力电池
MA2RWEKR-6,安徽利维能动力电池
MA3PG9FG-3,小洋王电池山东
MA51CY3D-0,广东长风电子科技
MA59DR6W-9,广州市广珠电池
MA61XQPY-7,成都市绿力锂电池
MA46U8J8-1,新乡市南鸿电池
72902980-1,松下能源无锡
58701921-X,桑顿新能源科技
32363383-0,江苏海四达新能源
MA360UWM-3,江西九鼎动力新能源科技
MA2TWR2L-X,池州市康越电池制造
58379095-5,波士顿电池江苏
MA1Y5YU3-5,泰兴市宁辉锂电池
MA4QDBX3-3,浏阳市聚和源锂离子电池制造
78922928-2,深圳市慧通天下科技股份
70841632-7,深圳市比亚迪锂电池
73109958-5,深圳市比克电池
55562393-0,东莞伦楷电声制品
61768848-2,东莞立叁扬声器配件
66515280-X,东阳市横店鸿欣电子厂
78115484-5,中山市乐聆电子科技
74298188-0,中山市快达电子
20890386-6,四川省宜宾华威电声
67370546-X,天津中环真美声学技术
74735187-X,宁波宁港永磁材料
79302456-2,宁波音沛乐电子
69700174-X,嵊州市格瑞特电子
74505085-4,嵊州市诚信电子
56440849-0,嵊州市鑫瑞电子
60812665-6,常州天音电声器材
08823338-5,广州市德胜扬声器材科技
73716154-6,广州市笙湖扬声器配件
74359222-X,广州市花都区德胜扬声器配件厂
79663615-0,普瑞姆扬声器系统深圳
67721463-3,桐乡市凯邦电子
33082300-X,江阴市声悦电子
70537060-X,泉州市东音电子
71861120-6,泰兴扬声电子
72453150-1,浙江豪声电子科技股份
19220450-9,深圳万科扬声器制造
66101550-9,深圳市先乐电声
68038403-5,深圳市声乐达电声科技
73110420-9,深圳市天泽扬声器
MA5DNYQ5-2,深圳市奕鼎峰电子技术
78655035-3,深圳市昌利威电子
56850196-7,深圳市音菲力电子
07112478-0,深圳音华电子科技
79450022-5,上海世茂北外滩开发建设外滩茂悦大酒店
MA1FW8JR-0,上海世茂房地产长宁分
69160387-0,上海中梁地产集团
77244378-4,上海地利置业
74025468-X,上海复地新河房地产开发
57744849-1,上海展鸿房地产开发
74211673-1,上海岳峰置业开发
06598865-4,上海帝豪企业发展
MA1GT17Y-7,上海彰荣房地产投资顾问
60727749-5,上海恒邦房地产开发
74561438-1,上海斯格威大酒店
07121243-0,上海新华联房地产开发
60724539-7,上海新富港房地产发展
60726995-4,上海民航置业
79568157-4,上海永威置业
MA1FR5R6-4,上海泓喆房地产开发
60722885-3,上海港汇房地产开发
MA1GKQK1-9,上海点触实业
79706439-3,上海章翔实业
75759991-6,上海米兰置业发展
32430584-7,上海臻百利房地产开发
32427978-1,上海融创房地产开发集团
74055085-X,上海越洋恒捷房地产开发
MA1JMJ9L-7,上海远溯房地产开发
60735297-7,上海顶峰房地产开发
MA1GB74T-5,上海高御房地产开发
70333665-1,上海鹏建房地产开发
34198566-1,中先国际控股分
74615593-0,冠丰上海房地产发展
69723548-2,华润上海房地产开发
MA0XTU1L-5,东徙模具大连
59092637-1,东方恒泰传动技术营口
66920874-3,东洋拖力拉大连运搬装置制造
60483854-1,东洋重工机大连
55537639-4,东港市恒越机械
12320971-X,东风朝阳思益泵业
58418837-6,东风朝阳朝柴动力
66124471-5,丹东双力矿山机械
MA10KYQD-2,丹东合盛密封
68370596-5,丹东吉祥新能源开发
MA10HFPE-6,兰理工流体装备大连
MA0UTYNG-2,共享机床辅机大连
60486146-9,共立精机大连
MA0QFUNF-3,兴城凤鸣科技
73674838-8,兴城市一飞电控
74976174-1,兴城市凯德泵业
78878308-9,兴城市水泵制造
70177407-6,兴城市石油机械
MA108FTA-X,博盛精密工业大连
75609789-3,卡吉精密技术大连
MA0TPF14-X,双日精密机械大连
66920418-7,大连事事达数控机械科技
74092763-7,大连云山机械
55064758-9,大连云德船舶配套设备
79691389-1,大连云珑减速机设备
69141417-2,大连云腾机械制造
73644710-4,大连五寰泵业
55497015-6,大连五洲勤大轴承
MA0P4D5Q-1,沈阳市通通液压
07913778-9,沈阳市通顺达环保科技
M00012B8-7,三峡新能源建瓯发电
59511687-X,三江县协合风力发电
07928804-2,中广核甘肃民勤第二风力发电
71782708-0,中广核风电
59456771-6,中广核风电西南分
06552192-3,五家渠风阳新能源
59122257-9,兰电民勤风力发电
72013483-2,内蒙古北方龙源风力发电
56692115-9,内蒙古富强风力发电
09298343-7,凯润昌黎滦河口风力发电
56043445-6,北京京城新能源
MA6T3RCY-9,北控风力发电
68261817-3,华仪风能通榆
69102834-3,华电吉林双辽风力发电
68263358-4,华电吉林大安风力发电
MA0K6AA3-3,华能忻州新能源发电
71093044-8,华能新能源股份
68651311-7,国华巴彦淖尔乌拉特中旗风电
08660707-2,国家电投集团湖北新能源
67048284-6,国电和风风电开发
MA14CPC8-8,国电和风风电开发大安分
05471326-8,国电投河南新能源
39505396-6,国电电力宁夏新能源开发
66724352-9,大唐三门峡风力发电
59750650-5,大唐广元风电开发
78707223-4,大唐赤峰新能源
MA76005U-2,宁夏哈纳斯新能源集团
05148636-2,巢湖槐林风电
09074226-9,广西龙源风力发电
07925963-9,张家川天源风电
77468968-1,兴化市梦水乡酒业
10180217-6,北京双庆和酒业
MA01E7FK-2,北京糊涂人生酒业
MA01D1E1-9,北京茅赛酒业
MA01C48P-X,北京隐泉酒业
74548228-6,北京顺通三星酒业
MA31QTNP-5,厦门皇天葵酒业
58501734-1,嘉兴市石龟酒业
67747748-4,嘉荫县鄂伦泉酒业
MA3MF8EF-8,威海万泰酒业
MA2N6T8K-8,安徽省凤阳县大明酒业
76732581-2,广东法利斯干邑酒业
MA51EPPH-X,广东润兴酒业
MA5AX2J5-2,广东清凉天酒业
58186984-6,广州丹力酒业
MA5AXRBG-X,广州光华酒业
MA5AR1YU-7,广州古庄酒业
73446231-9,新疆冬不拉古尔邦酒业
33898460-9,江苏潮河湾酒业股份
MA1W49FP-4,江苏青花牡丹酒业股份
MA37T54J-1,江西江中杞浓酒业
MA51MPAU-4,江门市巨烽酒业
MA08XHQ1-4,河北海龙酒业
MA45GUBG-9,河南丙乾酒业
MA456QHW-2,河南白金酒业
78506323-8,河南省万姓缘酒业
79824396-7,河南省老子酒业
MA45Q13J-8,河南知酒居酒业
MA442D73-3,河南老基酒业
MA45DEUU-4,河南豫甲酒业
13367231-0,上海强神保健品
78952957-6,上海金好尔保健食品
72938522-4,上海金思嘉保健食品
MA00BKLC-3,北京创喜保健食品固安
60002080-6,北京格林沃德营养保健品
10131680-5,北京稻香村食品
10177281-9,北京肤丽奥医疗美容保健品
10218401-5,北京长寿保健品
MA59PCCX-X,华农健康产业发展
70071195-4,华北制药集团维灵保健品
16571919-5,华润圣海健康科技
75707144-1,华茂湖州保健品
70543693-9,厦门永福星保健品
MA31NQHW-X,厦门菽醍醐食品
34567839-4,四川吉晟保健食品科技
71188595-X,四川康尔寿保健品
33671361-0,安徽新天生物科技
77496978-X,安徽新阳保健食品
78651041-5,安徽永光保健品
72852631-2,安徽燕之坊食品
73302600-5,安徽现星保健品
70813228-7,广东京都保健品
75777466-5,广东德圣堂保健品
MA4WHAM9-7,广东欧普康特医食品
66819196-X,广东逢生保健制品
28238526-X,广东飘兰保健食品
23129081-8,广州市佳龄保健品
25394809-4,杭州友人生物技术
72892131-2,杭州裕美生物科技
33881007-8,江苏中裕保健品
MA1G0QDR-8,上汽海外出行科技
13223743-X,上海东亚体育文化中心
MA1HUDE4-5,上海丽斯园运动俱乐部
13221297-X,上海久事集团
76426275-6,上海农展企业集团
MA1K3FC2-7,上海华力集成电路制造
57273877-2,上海品爵实业
13220758-0,上海国际港务集团股份
MA1K42HD-9,上海国际进口交易服务
74491443-8,上海地产集团
13221103-7,上海城投集团
74650280-8,上海宝冶集团
MA1FL54J-1,上海市东湖集团
13413679-8,上海市保安服务总松江区
76160421-2,上海德灵钢铁物料
MA1HUC6Q-1,上海拉豪商业管理
09355084-4,上海文化广播影视集团
78784020-5,上海杨浦滨江投资开发
13221158-X,上海浦东发展银行股份
13381323-2,上海浦东新区房地产交易市场川沙分市场
13427638-7,上海烟草集团金山烟草糖酒
MA1HUE0T-3,上海爱森食品销售解放西路店
MA1K4G07-X,上海申庆石油销售
MA1G5MWY-2,上海虹口城市更新建设发展
74926616-9,上海轨道交通申嘉线发展
76879263-1,上海金齐经济发展
13222244-9,东方国际集团上海外经贸房地产开发经营
MA1FL0LX-0,中国商用飞机
13220082-1,中国宝武钢铁集团
MA1K4G0A-4,中国移动通信集团上海研究院
31054363-3,东莞丰骏工艺制品
08261247-2,东莞市万发金铜工艺
MA555H12-7,东莞市雄润工艺制品
58139560-1,中山市三星工艺制品
MA53EH23-9,中山市恒旺工艺品
57789704-3,中山市泰源玻璃工艺制品
MA3Q3DW2-8,临沂灿灿工艺品
MA2DUDFG-8,仙居县博裕工艺品
32957600-5,台山市宽典工艺品
MA78EJ1M-1,和田华瑞工艺品
MA53F2PT-2,广东富幸工艺品
MA4UHK1L-7,广东森鼎工艺品
MA59A687-3,广州久盈工艺
MA9UNPRR-7,广州泓欣工艺品
MA21HNMY-5,建湖县权福工艺品
MA10J4PX-2,新宾满族自治县龙淼工艺品厂
MA3T3RRW-2,曹县隆康工艺品
MA3TQCRR-6,曹县鲁旺工艺品
72101866-5,杭州蓝达工艺制品
MA9F69E5-4,林州市相州瓷工艺品
MA33XBGK-0,泉州冠古工艺品
58218397-7,泸州博雅精品工艺
70455224-1,浙江武义中茂工艺品制造
X1338401-5,海阳市华洋工艺品
09442046-X,深圳市福群工艺制品
32957094-9,深圳市金宏博浩工艺制品
MA2HDAFP-4,温州市俊鼎工艺品
MA535K0W-2,潮州市意溪玉宇工艺制品
MA5NWXJ1-0,灵山县信必达工艺品
MA6T122L-X,班戈县青龙乡加岗村民族特色手工艺品经济合作社
76335950-5,上高县新潮矿业
56868014-1,上高县澜阳矿业
56627326-X,上高县甘家北曾明牯采石厂
MA35UHF9-6,上高县翰堂镇有源发邦采石场普通合伙
76976888-7,上高县蒙特英矿纤
L1705722-5,上高县鑫鑫矿业
MA779NH7-3,且末县恒成砂石料
22958011-1,且末县玉石矿业
MA6K5HTC-2,丘北刘源沙石
09131404-7,丘北县恒兴方解石开发
34132596-2,东乌珠穆沁旗富采石油开发
MA1C3QDU-5,佳木斯基泰采砂
74965119-8,佳木斯鸿基集团
MA18XKBR-1,依兰县珠山采石
56798801-3,保亭三道农场三队石场普通合伙
08131578-3,保定金禾矿业
68616985-4,保山市云杉工贸
MA6KU0K7-4,保山旺达石艺
MA6NQG43-4,保山汇圣砂石
79285798-4,保山黄龙玉开发
69513770-7,保康华泰矿山工程
17981025-6,保康县中坪磷化工
67369283-0,保康县人和磷矿
18263108-0,宜昌鸿泰磷化
76414273-8,宜昌龙洞湾矿业
MA35T6PX-0,宜春市华江矿业
76979368-7,宜春市源生矿产材料
MA518YHC-X,英德市强图奇石工程
05241882-0,英德市朗新石料
MA51GF75-0,英德市永利河沙
MA3PHRAH-4,东营宜道化工
75265410-3,东营市丰业化工
55090704-5,东营市海域化工
67452649-8,东营市海科瑞林化工
74783933-0,东营易恒化工
35348235-9,山东佳森化工
MA3EYQKW-0,山东凯优特化工
66932102-5,山东华辰生物化学
67813396-6,山东博凯硅胶
31276333-0,山东嘉源化工
MA3DM14R-3,山东孚益新材料
79867532-1,山东宝运艾科化工
59138979-0,山东富宇化工
57166717-5,山东富斯特油脂科技
05238734-X,山东康泰化工
MA3PPK72-7,山东方吉通化工
74095726-2,山东方明化工股份
56671143-4,山东洪鼎化工
55993667-8,山东浩然特塑股份
MA3C5GPJ-9,山东港景石油化工
72863146-2,山东源海德曼润滑油
73720120-2,山东金虹钛白化工
68948522-X,山东鲁深发化工
72385433-3,山东龙口双龙化工
16945436-6,山东龙口市有机化工
16614373-0,山东龙嘉工矿科技
69441329-8,平原信达化工股份
69312761-X,广饶华邦化学
16522777-2,招远市石油化工厂
66139536-1,济宁市金通化工
68096757-2,上海向崇物业管理
78244637-2,上海宜安物业管理
55009021-5,上海悦聘物业管理
76116017-2,上海新古北物业管理
69580990-5,上海真方物业管理
23124537-1,保利物业发展股份
58459711-0,保利物业发展股份安徽分
67716582-7,保利物业发展股份成都分
78395540-0,北京奥中世贸物业管理
67570826-9,北京奥伍物业管理
75525889-4,北京斯马特物业管理
75820817-1,北京澳西物业管理
67146875-5,北京首万物业服务天津分
70541491-6,厦门佰仕达物业管理
79807177-1,厦门保翔物业管理
70549997-2,厦门柏煜物业服务
58977159-5,天津市昕和物业管理
69405378-X,天津市诺洁物业管理集团
72446407-0,天津市阳升物业管理
70047733-6,天津市隆达物业管理
77739099-2,安徽创源物业管理
67589649-0,安徽华地物业管理服务
59019983-X,安徽海亮物业管理
06361744-6,安徽海亮物业管理阜阳分
MA2NTUGY-1,安徽阜顺物业管理
76479892-1,安徽鸿润物业管理
76129753-1,广东康景物业服务天津分
78387885-5,广东康景物业服务惠州分
74369188-5,广东朗洁物业服务
05272154-7,广西加丁物业管理
13225977-8,上海市园林设计研究总院
42500240-7,上海市水利工程设计研究院
42500103-3,上海市隧道工程轨道交通设计研究院
19354829-0,佛山南方建筑设计院
45607307-2,佛山市城市规划设计研究院
19353160-8,佛山电力设计院
58086501-8,北京北排水务设计研究院
10205125-5,北京北林地景园林规划设计院
77041975-6,北京博雅方略旅游景观规划设计院
10172046-1,北京城建勘测设计研究院
71770271-2,北京市工业设计研究院
59769214-1,北京市建筑设计研究院
70036279-0,北京市弘都城市规划建筑设计院
10150788-X,北京市电信工程设计院
MA5AQBWX-0,北京市电信工程设计院广州分
10194006-9,北京电信规划设计院
06257249-3,华东建筑设计研究院华东建筑设计研究总院
06595226-4,华东建筑设计研究院华东都市建筑设计研究总院
06254286-8,华东建筑设计研究院规划建筑设计院
48561915-0,安庆市城乡规划设计院
59266667-3,安徽中汇规划勘测设计研究院股份
17219972-2,安阳市建筑设计研究院
17219923-9,安阳市规划设计院
45786769-1,巴音郭楞蒙古自治州水利水电勘测设计院
19146575-8,广东市桥建筑设计院
73759424-5,广东水科院勘测设计院
45585729-7,广东省冶金建筑设计研究院
45585813-4,广东省水利电力勘测设计研究院
45585853-X,广东省重工建筑设计院
55542211-9,方特设计院
13220082-1,中国宝武钢铁集团
75460657-8,中新钢铁集团
76105373-X,乌海市包钢万腾钢铁
MA6K6FQ7-2,云南五羊钢模
73879551-6,五矿营口中板
30847304-X,任丘市汇德金属制品
06845501-X,佛山市镒辰钢铁
56263384-6,佛山市顺德区志拓钢铁实业
79016294-3,内蒙古鄂尔多斯冶金
11439255-9,包头钢铁集团
70023431-8,北京首钢股份
77778241-9,台安县嘉恒铁合金
72160958-8,唐山市德龙钢铁
74018783-5,唐山燕山钢铁
75813657-7,天津一片天地钢铁
66884622-5,天津市利达元钢管
77063005-X,天津江海冷弯型钢
MA0712JR-6,天津沧海钢铁
77131084-0,天铁热轧板
70691922-X,宝武集团鄂城钢铁
57241911-4,宝钢湛江钢铁
57393336-9,山东冠县金盛板业
MA1P0RQE-5,常州希诺泰型钢
MA20A81Q-6,常州星南冶金科技
58762931-7,广州薄板
78213554-X,广西钢铁集团
10651069-0,承德钢铁集团
71940200-0,昆明钢铁集团
73673726-7,本溪北营钢铁集团股份
56462557-5,本钢集团
66827853-9,丘北县拓岩矿业开发
70910626-7,东丹矿业开发
69593613-8,东乌珠穆沁旗小坝梁矿业
13064263-4,东宁县金厂乡鑫城金矿
66385591-5,东宁市大向东矿业
22052577-3,中核陕西铀浓缩
74367500-9,中核韶关锦原铀业
26717678-5,中矿金业股份
71093524-9,中色镍业
72298303-7,中金黄金股份
11001102-6,中铝山西铝业
MA6KTH0G-1,云南云帆有色金属股份
77552336-8,云南云铜马关有色金属
79989538-5,云南元江建龙矿业
66829081-0,云南牟定兴宏有色金属
76042189-5,云南牟定兴宏铜业
78169506-X,云南省宁蒗县广盛矿业
21799132-7,云南省建水县永生实业
74528076-4,云南省易门县华三铜业
69591107-X,内蒙古运昇镁业科技
79716773-9,内蒙古金中矿业
76106845-6,内蒙古金山矿业
11412563-7,内蒙古金陶股份
70909512-3,四川九寨沟马脑壳金矿开发
21325040-9,四川会理大铜
21325061-X,四川会理铅锌股份
16534129-2,山东恒邦冶炼股份
16523689-8,山东招金集团
72622415-0,山东烟台鑫泰黄金矿业
69024915-2,广西钦州祥云飞龙再生科技
69024915-3,上海浦东新区张江职业技能培训中心
69024915-4,上海长宁万宏工业职业技能培训中心
MA3UFUEY-0,东营区腾达职业技能培训学校
MA3UFUEY-1,临沂市兰山区银河职业培训学校
MA6PXNLX-7,云南企安职业技能培训学校
MA6PXNLX-8,北京市朝阳区奥博职业技能培训学校
MA6PXNLX-9,北京市海淀区育才职业技能培训学校
MA5Q5UEG-9,北海市军创园职业技能培训学校
MA5Q5UEG-10,南京市佑佐职业培训学校
MA5Q5UEG-11,南京红五星职业培训学校
MA39BY39-6,南昌市红谷滩新区尚品计算机职业技能培训学校
MA2WKDCG-1,合肥市瞳视职业技能培训学校
MA2WKDCG-2,吴川市蓝天职业培训学校
MA0FQ1JG-7,唐山易海职业培训学校
MA9G6GD3-1,商丘市党爽职业培训学校
MA9G6GD3-2,天津市武清区宏达职业培训学校
MA9G6GD3-3,山东技能桥职业培训学校
MA6A9JXG-9,成都市五八职业技能培训学校
MA6A9JXG-10,成都恒捷金融职业技能培训学校
MA23FM9W-4,无锡市滨湖区华飞航空职业技能培训学校
MA49ML00-X,武汉时代智能职业技术学校
MA23R697-1,江苏尊佲职业培训学校
MA23R697-2,济宁市任城区商道职业培训学校
MA23R697-3,涟水县华兰职业培训学校
MA23M2UT-7,溧阳苏力机电职业技能培训学校
MA3UG8QG-5,烟台市福山区宝森职业技能培训学校
MA24M8YJ-8,立思维职业技能培训江苏
MA24M8YJ-9,肥东县民族职业培训学校
MA10R0GK-1,辽宁金枫职业技能培训学校
MA10R0GK-2,达州市通川区华联职业技术培训学校
74026025-4,上海九晶电子材料股份
76161471-X,上海华雯电子新材料
70301070-7,上海召业申凯电子材料
69576542-0,上海史笛威磁性材料
73721053-9,临沂春光磁业
72881194-9,久智光电子材料科技
71259251-8,义乌市先通电子材料
31361826-6,义乌市凯臻磁业
67438875-0,乌兰察布市苏通电子材料
59505111-3,乐山沃耐稀电子材料
MA2999MH-1,乐清市鑫达磁业
MA5ANTW5-4,乐金化学广州信息电子材料
68643468-9,佛山市三水区腾隆电子材料
MA4UH96E-1,佛山市三水晶彩美艺电子材料
MA4UWRKH-6,佛山市中利迅电子材料
13836176-5,南通海隆磁业
59003353-0,南通瑞强磁业
25186600-1,南通瑞达电子材料
68111361-6,南通百正电子新材料股份
30209672-2,南通盛鑫磁材
79126283-1,厦门尚达电子绝缘材料
07282968-6,厦门市勤为电子材料
MA2N03D4-5,合肥中聚合臣电子材料
09673224-8,合肥亿珀电子材料
71728602-6,宁波招宝磁业
78043941-9,宁波捷安达电子绝缘材料
08478002-3,宁波揽胜磁业
MA5ENXWH-7,深圳市志诚嘉电子材料
72985791-4,深圳市怀辉电子材料
78595131-5,苏州龙昌电子材料
08624226-1,上会会计师事务所特殊普通合伙
13270932-9,上海东华会计师事务所
08288114-6,中兴华会计师事务所特殊普通合伙
40000782-6,中勤万信会计师事务所
08197860-8,中审众环会计师事务所特殊普通合伙
10206539-0,中建华会计师事务所
08737406-3,中汇会计师事务所特殊普通合伙
MA01NKWE-6,中瑞诚会计师事务所特殊普通合伙
MA69N056-2,云栖智海会计师事务所
07856324-1,亚太集团会计师事务所特殊普通合伙
08411925-1,众华会计师事务所特殊普通合伙
59235458-1,信永中和会计师事务所特殊普通合伙
75820142-0,北京红日会计师事务所
MA6B29NE-4,四川德文会计师事务所特殊普通合伙
59061148-4,大信会计师事务所特殊普通合伙
59067605-0,大华会计师事务所特殊普通合伙
59234255-6,天职国际会计师事务所特殊普通合伙
71397558-8,安徽新安会计师事务所
05142139-0,安永华明会计师事务所特殊普通合伙
08549278-7,容诚会计师事务所特殊普通合伙
07340169-X,希格玛会计师事务所特殊普通合伙
39807587-X,广东德本会计师事务
MA9UQ94J-8,广东诚安信会计师事务所特殊普通合伙
05587870-X,德勤华永会计师事务所特殊普通合伙
MA9UY3EH-2,明志会计师事务
06091343-4,普华永道中天会计师事务所特殊普通合伙
59964938-2,毕马威华振会计师事务所特殊普通合伙
08545886-1,永拓会计师事务所特殊普通合伙
71686682-X,江苏立信会计师事务所
78380000-3,江苏苏港会计师事务所
13349471-0,上海宝钢铸造
13422023-6,上海海帕压铸件
59811614-6,上海蜀玉铸件加工
25519853-0,临海市创驰铸造
74631012-8,台州盛达精密铸造
67255704-7,嘉善天晟精密铸件股份
10373315-1,天津天仪金属制品
10392845-0,天津市发利汽车压铸件厂
76760494-2,天津市江瑞钢铸件
60055473-6,天津英昌钢琴铸件
79600484-X,宁波爱发科精密铸件
15344324-0,安徽省宁国市亚晨碾磨铸件
15358063-2,安徽省巢湖铸造厂
66006785-X,宜兴市诚驰压铸件
X0264519-5,山西省交城县兴龙铸造
79739417-3,广州驭风旭铝铸件
MA5KDGW8-8,广西全垒液压件铸造
75644979-9,徐州国隆电力配件铸造
25004689-6,无锡市西漳有色金属铸件
57540116-3,日比野铸件常熟
12346597-5,朝阳飞马车辆设备股份
74544203-0,柏乡县金鑫机械铸造
73177295-2,江苏力源金河铸造
MA1Q38QT-3,江苏新浩祥科技
25032864-X,江阴五星焊接铜业
25040931-9,江阴市合金钢铸造
77378248-9,江阴市星海铸造
75075551-7,沈阳机床银丰铸造
76245772-8,泽州县世纪球墨铸造
14563086-3,浙江华驰阀门
56021326-6,七天四季酒店广州
MA5NJL4C-1,三江县城市快捷酒店管理
13220371-5,上海锦江国际酒店股份
72127633-0,上海海南旅游联合发展锦江温泉大酒店
MA38B0W3-8,上饶市龙潭湖酒店集团
10172450-X,中信京城大厦
73216509-7,中山市古镇龙泉酒店
MA0QFEXF-3,丹东隆庭酒店
MA65F82X-9,乐山市金口河区大瓦山乡村酒店
MA3NWTPD-2,乳山市东方大厦大酒店
MA6NHJ77-5,云南富汇酒店
X1831299-3,佛山市南海区谢边银龙酒店
79755028-7,北京三里屯酒店管理
80212373-1,北京京浩达科贸众晶鑫酒店
67878400-5,北京伯豪瑞廷酒店
MA007WWN-4,北京华正荣泰酒店管理
80206089-X,北京城市开发集团丽亭华苑酒店
10270903-7,北京拉斐特城堡酒店
61677017-7,华天酒店集团股份
MA5NHT61-5,南宁宏桂家人酒店
MA35KRP7-6,南昌慧谷酒店管理
41904810-X,南阳军供宾馆
MA4UU44K-5,台山市旅梦酒店
60055084-X,天津利顺德大饭店
MA2TB108-5,太湖县水乡江南酒店管理
MA282PMF-X,宁波海曙亚丁酒店
MA4977HB-8,宜昌三峡美猴王国际旅行社东和宾馆门市部
72086020-1,峨眉山旅游股份金顶索道分峨眉山金顶大酒店
MA496YRG-0,崇阳朋来商务酒店
33010952-7,平顶山市蕴海锦园大酒店
MA1GCCD5-5,上海诸神软件科技
MA1HYXRP-6,上海顶流游戏
MA1JDQA2-8,上海驶向云外游戏工作室
MA1JDQA2-9,上海龙语游戏软件合伙企业有限合伙
07840924-4,中盈网科技广州
MA01HUHM-0,北京小蛮游戏软件
06961925-8,北京掌聚互动游戏软件
MA00H8ER-1,北京超视距游戏科技
MA1TEUEJ-8,南京昀趣互动游戏
MA1MPRW5-3,南京沃夫时趣网络科技
30278777-7,南京牧游网络科技
56420256-4,博雅网络游戏开发深圳
MA6BAY55-8,四川物格网络游戏
MA4LYJG3-7,国银网络科技
69233511-8,境界游戏股份
33585975-7,大连灵壹游戏科技
MA3C7WQC-2,威海龙必达信息技术
MA5EY5B3-2,威盟游戏深圳
39519148-8,安徽熙雨丽禾网络科技
75943793-7,广州丰原互联网信息服务
MA5AYA3N-5,广州起源游戏信息科技
MA5PD11U-4,广西锐联互娱网络科技
MA5L2CRG-1,广西顺为行通科技
MA62N2QE-0,成都双倍游戏科技
MA61TWY8-6,成都天象互动网络游戏
MA6DEWW8-2,成都梦之晨科技
MA1MF42P-9,无锡一条龙游戏网络
33913726-8,无锡优耐铭科技
MA1MAEQB-7,无锡清漾科技
69708924-3,杭州天下游戏科技经营管理
MA102C5F-7,中奥同和大连石化
MA105P3Y-1,丹东市佳钰服装
MA105NPH-7,丹东杰沃德箱包
MA105HPQ-4,丹东松轩木制品
67049145-1,丹东海洋重工
MA105LYT-7,凌源旭阳凌钢能源
MA0UTUJ0-5,博宇朝阳半导体科技
67049090-X,大石桥市震宇耐火材料
MA105LYB-X,大连义恒贸易
MA0TWK9B-X,大连佳诚日田科技发展
MA0Y8K0G-7,大连汇洲石化
MA105BYP-7,大连海峰包装制品
MA102BXA-1,大连禾鼎国际贸易
05805388-5,大连纳川纸制品
MA0UDWGL-6,大连远东数控刀具
66923712-2,大连通孚祥汽车贸易
MA0Y7CLC-0,大连顺秋服装
56551517-5,大连龙想催化化学股份
MA102BWJ-9,应生辽宁进出口贸易
05805252-4,日新科宇汽车用品大连
56550272-9,格劳博机床中国
MA0UE8XC-0,沈阳优尼斯智能装备
67953147-2,沈阳盛纳机械制造
05715571-6,沈阳马勒汽车热系统
MA0Y7H17-6,海城市聚贤祥机电制造
05567550-7,盘锦奥德燃气装备制造
05114872-6,美斯瑞捷成技术大连
56462499-4,营口辽河药机制造
MA105N26-0,营口顺和耐火材料
MA105LPH-1,辽宁东大鑫峰矿冶科技
31607995-8,卓尼县江乾民族产品开发
MA0YWABR-0,庄河木木熊服饰
59863482-4,扬州奇创绳带织造厂
MA1MN87H-X,扬州狼行户外用品
MA1WBN3G-0,扬州祺运绳网带制造
08792618-X,扬州美川户外用品
76154618-X,扬州耐力户外用品
MA1MBHKQ-5,扬州蒲公英户外装备
MA1WQU30-0,扬州领头羊旅游用品
MA4M18LH-4,株洲三友帐蓬
MA2YEPQM-1,株洲市希翼制服龙岩分
MA4LU3QG-1,株洲新阳帐篷
MA4QREU1-2,株洲湘纺服饰
55750452-1,浙江华云旅游用品
75190484-4,浙江康乐游休闲用品
55796862-5,浙江康玛休闲用品
76132376-0,浙江昊宇工贸
74347085-5,浙江枫丹白露纺织品
05832287-0,浙江格林豪斯户外用品
MA28AR04-9,浙江翰隆新材料
MA28AR04-9,浙江翰隆新材料股份
MA2BA421-7,浙江辉阳新材料
73689410-7,浙江金汇休闲制品
MA28F0NB-6,浙江非凡户外用品
MA0D6DMG-8,涿州市宝森帐篷
MA08FBRY-6,涿州市恒彧隆服饰
MA08FBRY-7,涿州市金益隆昌篷布厂
74802685-X,珠海丽日帐篷
MA496TLH-7,竹山县锦泰汇贸服饰
MA3QLGTK-2,诸城广利纺织科技
MA5F6432-9,上海汇展国际物流深圳分
MA52TJTC-0,东莞凌创物流
MA539AMH-4,东莞市铭冠货运代理
MA5AU6JP-0,九星国际物流广州
MA53F1G2-1,佛山市浩风货运代理服务
MA5CU7DQ-5,广东明洋物流
MA5AU899-1,广州伟捷货运代理
MA5CM7XD-2,广州佳逸达国际货运代理
MA5C3JRF-X,广州宇泽货运代理
MA5ARW0E-4,广州安德龙货运代理
MA5CNXH4-3,广州市俊鹏物流
MA5CR3DL-7,广州市景铭通物流
MA5AXAGT-1,广州市诺金国际物流
MA5CW1UG-6,广州市顺天物流
MA5CLYK2-8,广州景光物流天河营业部
MA5C3KA1-X,广州桦晟货运代理
MA5CCFEP-7,广州欧晟物流
MA5CPC66-3,广州添鑫物流
MA5ANUKE-4,广州美达国际货运代理
MA5CP536-5,广州舟百通国际货运代理
MA5CU5DB-7,开润广州国际货运代理
MA5F2K0F-8,梅尔思派德深圳国际货运代理
MA53BNNP-2,汕头市信业国际货运代理
MA5FAKQT-1,深圳唯派国际物流
MA5AU4MN-8,深圳大森林国际货运代理广州分
MA5F60CN-7,深圳市伍洲弘运国际物流
MA5FB413-1,深圳市卓上通航国际货运代理
MA5FBAGC-7,深圳市富利来物流
MA5F4629-4,深圳市富永顺国际物流
MA5F8LMB-0,深圳市广远物流
30169186-1,上海城投水务集团
63165655-9,上海市自来水市北
MA51KYNQ-8,东莞市水务集团
22866038-X,乌鲁木齐水业集团
MA6KTWKU-4,云南水投水务产业
78302394-5,内蒙古水务投资集团
10142528-6,北京城市排水集团
10135804-4,北京市自来水集团
13488073-6,南京水务集团
MA1CDHED-2,南岔县晨明镇为民供水服务
77982581-4,大竹县盛洁城乡供排水
MA2WJMB2-X,太和县净康自来水
MA39TDBN-2,寻乌县上车供水
16593424-X,山东公用控股
11005348-8,山西省黄河万家寨水务集团
MA6A5B8D-1,巴中市恩阳区圣泉水务
MA59QXY2-9,广东粤海珠三角供水
71093930-3,广东粤港供水
MA5Q4P5R-2,广西环江环城水务
20190763-7,成都市自来水
13590773-4,无锡市水务集团
58322156-8,杭州市水务集团
MA5Q53RT-4,桂平市森谷泉供水
19272077-3,汕头市粤海水务
MA55N6K3-4,江门公用供水
67530795-9,沈阳水务集团
MA2CTJUC-0,温州市自来水
MA2D72N2-9,绍兴市原水集团
MA9G6PN6-4,罗山县先旭自来水
MA9G6PQ0-4,罗山县润康自来水
67626505-X,上海传神翻译服务
74059040-5,上海创凌翻译服务
63136870-9,上海轩华翻译服务
77286762-4,上海飞润翻译
MA07QC27-8,保定市博航翻译服务
10141933-7,北京中外翻译咨询
63436519-1,北京华云思创翻译
MA0CMH7G-X,北京博洋世纪信息技术河北分
74611760-0,北京思必锐翻译
68439334-2,北京戴斯克商务
79042264-5,南京创译翻译
72174678-5,南京学府翻译
06589199-1,厦门阅洁作翻译服务
24168594-4,大连丽雅达翻译
MA3N1G2F-8,山东译飞学苑翻译
MA5AUMQA-6,广州咕噜翻译
69357849-6,广州通鉴教育科技
MA3MQMQB-X,德州译百翻译服务
39401578-1,成都千语世纪翻译
07240011-8,成都寰译翻译
79004797-X,成都市优译翻译服务
67715621-8,成都译采翻译
MA6MY011-8,昆明优笔客翻译
79092271-1,杭州慧和翻译
14313093-7,杭州海博翻译社
58387172-0,沈阳万思达翻译
06904829-9,济南雕龙医学翻译
MA5EW9PF-X,深圳大音希声翻译
58006075-4,深圳市信雅通达翻译
77164077-8,深圳市比蓝翻译
75791246-6,上海万友消防设备
MA1HG3PC-7,上海万名消防装备
MA1JLEME-3,上海悉英消防工程
79707388-X,上海明稷消防技术服务
MA1GW2ED-9,上海明顺消防工程
78364055-6,上海易德消防工程技术
57079049-7,上海格士消防安全设备
60721613-1,上海格拉曼国际消防装备
58867109-0,上海桂禾消防工程
33239150-3,上海桓隆消防工程
79854401-4,北京广顺达安消防设备
MA006DU8-1,北京庄泽消防技术
MA00EXQU-4,北京庆松涛消防设备
MA01CB9C-9,北京康凯达消防设备
MA1YX925-8,南京同益消防工程
MA1YMKD6-6,南京启源消防工程
30270846-9,南京呈心诚消防工程
MA1YX4F6-5,南京和天下消防工程
MA2UGCCH-3,安徽超宇消防工程
MA2RX76T-X,安徽超安消防科技
MA2UM9UW-5,安徽越启消防工程
MA2TKLTJ-3,安徽路杰消防工程
72595733-6,广东众恒邦消防实业
MA4WF27T-2,广东众明消防工程
MA53T5J5-2,广东众智消防工程
34009261-8,广东众源消防科技
MA9UPB06-6,广东众诚消防工程
30021624-1,武汉市顺达消防工程
MA4KYLG8-2,武汉常安居消防设备
59109812-5,武汉广为达消防科技
09355084-4,上海文化广播影视集团
MA1G319L-1,上海映蝶影视文化
MA1FR1L8-1,上海春凡影业
MA1J15YL-3,上海晟筵影业
34218602-8,上海沛庭影视传媒
35646105-1,东华兄弟影业传媒投资深圳
71782841-1,中国电影股份
10191037-X,中央新闻纪录电影制片厂集团
MA0Q016M-1,中寰乌海影视文化传媒
75415575-4,北京北广传媒影视股份
MA005MW5-9,北京可可西里影业股份
MA008KEX-4,北京可宝影视
MA01E1JA-X,北京可立欧影视传媒
MA0063W9-5,北京司麦尔影视文化艺术
MA008KJB-6,北京合力创作影业股份
68724834-3,山东影视制作股份
76841029-3,广东南方广播影视传媒集团
MA5N2436-7,广西嘉隆影视文化传媒
MA5ND7JF-0,广西大影咖影视传媒
MA5L5NT2-6,广西宋氏影视文化传媒
79435600-8,欢瑞世纪东阳影视传媒
41580486-0,河南电影电视制作集团
34475836-8,湖南广播影视集团
20280239-4,重庆市电影发行放映
56331676-2,长城影视文化企业集团
MA77N514-4,霍尔果斯城市联盟影视传媒
MA7780ET-6,霍尔果斯基美影业
MA77R88J-1,霍尔果斯完美臻至影业
MA77AW55-0,霍尔果斯定海神针影视文化传媒
MA3CCF2D-9,青岛热道影视传媒
34923838-8,临清乳泰奶业
73413248-3,佛山澳纯乳业
66099164-7,内蒙古金海伊利乳业
66098134-2,内蒙古骑士乳业集团股份
75672257-2,北京天辰乳业
75413279-8,南京卫岗乳业
MA1B7G3P-4,大庆伊利乳品
35216172-1,大庆市一牛乳品
73283418-2,天津海河乳业
75082879-8,宁夏恒大乳业
MA48871P-5,宜昌爱牧客乳品股份
MA0MX53E-4,富友联合圣牧乳品
66139996-0,山东兴牛乳业
MA3C19W4-X,山东熊猫乳品
75255791-X,新巴尔虎左旗呼和哈达乳业
MA77Y68N-7,新疆天山情乳业科技股份
MA775N8P-1,新疆德盛和乳业
66060891-9,新疆旺源驼奶实业
MA776BU5-0,新疆西部天山乳业
MA776076-2,新疆豪子畜牧业乌鲁木齐芙拉薇赫乳业分
19858681-9,柳州三元天爱乳业
MA3X4130-6,正阳君乐宝乳业
71047609-7,民和湟乳乳制品
MA487325-1,湖北美德勒乳制品
MA4PU5H0-2,湖南山牧乳品
MA721YL0-3,甘肃三元乳业
73293874-X,石家庄君乐宝乐时乳业
MA5F3YDB-1,练后乳业深圳
75551765-7,蒙牛乳业沈阳
66537488-3,蒙牛乳业眉山
63089194-4,上海凌莉漂染制衣
13218080-8,上海琳琳纺织印染
56190820-3,上海立光染整科技
60740873-1,上海连捷纺织印染
74915377-0,中山威信纺织漂染
71231493-X,中山市仕春纺织印染实业
MA51P4UK-9,中山市小榄镇宝联纺织染整处理
73987475-0,中山市新恒润纺织印染
79771451-X,中山市永兴旺漂染
77834496-3,中山市泰特纺织洗染
30407728-5,中山市益圣纺织染整
79299163-0,中山市耀荣纺织整理印染
74553761-1,中山市腾好漂染纺织
MA5196N5-X,中山市铱婇漂染纺织
MA517WBM-2,中山市银城纺织染整
72382760-X,中山市银马纺织印染
10378686-X,天津市建兴染整厂
71283470-8,天津市捷恒染整
10329351-2,天津市津华丝织印染厂
10415049-2,天津市静海县振华漂染厂
10414718-9,天津市静海县永兴染整厂
70046260-1,天津市静海县美达针织漂染
10414992-6,天津市静海县龙湖染整厂
74104980-5,温州市兢业染织
72658514-0,温州市博美染色厂
MA297909-5,温州市必成印染
72659690-7,温州市锦业纺织品洗染
14505504-5,温州染织集团
62839687-2,苏州天丽丝绸印染
73959748-2,苏州天虹华盛印染
69679425-8,奥力拓医用包装材料苏州
05861980-X,宝利包装材料丹阳
77321161-9,宝应县助成包装制品
06623125-8,宝应县华泽包装材料
77320560-6,常州市旭日包装
MA1MKYMM-0,常州市缀华包装
13731278-5,常州市运河包装厂
13735656-9,常州市银星彩印包装
25102171-1,常州市银杰包装
32380661-5,无锡市正大包装
73331226-3,无锡市真意包装材料
25003416-6,无锡市真言包装
70407014-6,无锡市裕达彩印包装
MA1MBCBF-4,江苏华东包装科技
75508619-9,江苏华港医药包装
55022448-X,江苏合愉包装材料
MA1MF4YF-0,江苏嘉裕包装
07277496-1,江苏嘉鑫包装印务
55120661-1,江苏恒彩印刷包装
72725809-6,江苏明宇包装科技
76280042-6,江苏瑞德医药包装
MA1MQPUF-2,江苏瑞成包装科技
MA1UR344-X,江苏瑞福包装
05187432-2,江苏神彩印刷包装材料
77686280-4,江苏金峰彩印包装
66960470-3,江苏金派包装
56029766-6,江苏黄海彩印包装
MA1T9EP6-0,江阴市澄远包装材料
68161295-X,苏州友兴包装制品
69075644-5,苏州宇航包装材料
60733653-9,上海依视路光学
75856299-8,上海澳加光学眼镜
08407795-2,上海誉逸眼镜
78387921-7,东莞怡亿眼镜
79628752-8,东莞新溢眼镜制造
56081756-1,东莞朗轩眼镜
MA3C8AK0-1,临朐县亨得利眼镜
60389424-2,丹东金冠钟表眼镜
MA0QA039-8,乌拉特后旗亨地利眼镜
MA00EQPD-X,北京西亨钟表眼镜股份
61203112-3,华茂光学工业厦门
73885436-0,南京宝科眼镜
MA0GUDN5-8,大同市朝聚眼镜
MA0UEQTB-6,大连茂芽眼镜
10312769-6,天津市亨得利钟表眼镜
MA2NLWEP-7,安徽佳典眼镜销售
MA3F21L9-7,山东忆展眼镜
MA3QERD7-6,平邑县睛润眼镜店
75209858-1,广东宝岛眼镜
MA5AMEQ4-1,广州海纳百昌眼镜
77117712-X,广州直通车眼镜
MA5AK6TK-9,广州金禧眼镜贸易
MA0KLY61-9,怀仁市精益眼镜
MA2TXH9A-2,望江县宝莱岛眼镜店
76382462-2,汇骏光学城河源
55927345-6,江苏万新光学
MA1YRBGD-5,江苏智瞳道合光学眼镜
MA0U52TH-0,沈阳裕财眼镜销售
66513358-8,海南康明眼镜
MA5EXR0Y-0,深圳市兴奥眼镜科技
15050135-3,中国十七冶集团
MA2UM6AN-6,中国十七冶集团工程科技分
MA2UF83Y-9,中国石油天然气股份安徽滁州销售分南洛高速黄泥段预留口
MA2UEB2P-1,中煤第三建设集团机电安装工程淮北龙湖分
07720044-9,六安市城乡建设
75851737-X,合肥交通投资控股
MA2TK525-3,合肥华兴空港投资
79012291-7,合肥市建设投资控股集团
70494776-1,合肥市水务环境建设投资
14902125-6,合肥市蜀山绿地建设综合开发
68978296-1,合肥市轨道交通集团
66793681-9,合肥新站建设投资
71998964-9,合肥高新建设投资集团
MA2N9WE5-8,同安控股
08031413-X,太和县国有资产投资控股集团
06654166-X,太湖县交通投资
MA2ND9CJ-9,安庆市金融控股集团
71996161-1,安徽国元金融控股集团
MA2U2EDY-8,安徽慎邑建设投资控股集团
70490159-5,安徽民航机场集团
MA2MQ97K-5,安徽省信保控股集团
70504670-3,安徽省农垦集团
76902234-8,安徽省含山县国家粮食储备库
71177878-3,安徽省国有资本运营控股集团
MA2UEE02-9,安徽省泾县客运城乡公交分
MA2T99D2-X,安徽省港口运营集团
MA2RYG6M-2,安徽省港航集团
14894160-8,安徽省能源集团
MA2UFBUF-3,安徽省路桥工程集团凤阳分
MA2MX5MG-5,巢湖市旅游开发总游客服务中心
MA05MRML-7,天津优创投投资
77732946-2,天津农村商业银行股份
10398133-1,天津北辰科技园区总
10431766-X,天津口岸经济发展
10312321-4,天津和平投资发展集团
MA05MRJ9-X,天津国有资本投资运营
66610645-0,天津市东丽城市基础设施投资集团
23882999-4,天津市国泰安居房产营销中心
10364327-9,天津市塘沽协通工贸
10371012-8,天津市大港燃料
73036235-3,天津市汉滨投资集团
MA05J66J-5,天津市河西城市基础设施投资
71281024-7,天津市滨海新区国有商业投资集团
56267125-2,天津市滨海新区环境建设投资
57513498-2,天津市红桥区国有资产投资
10398793-6,天津市辰宇实业
23968481-1,天津市金银泰物业管理服务中心
75484139-1,天津市长华城市环境景观建设发展
34102866-9,天津开发区一汽大众基地开发建设
71822543-6,天津房地产集团
08659693-2,天津未来科技城开发
68771945-9,天津泰达南港发展集团
69407402-X,天津泰达城市发展集团
56269733-X,天津泰达科技发展集团
MA05TBNX-6,天津津诚国有资本投资运营
66883902-5,天津滨海农村商业银行股份
66031665-X,天津滨海新城建设发展
68187252-4,天津滨海高新区资产管理
10306343-4,天津物产集团
69741101-X,天津环城城市基础设施投资
69162434-8,三菱瓦斯化学工程塑料上海
60742013-2,上海凯悦钢质家具配件
68224610-3,上海本多工程塑料
66436859-6,上海祺申工程塑料
66776368-X,上海聚毅工程塑料
78118770-0,东莞京洛塑料制品
71934916-6,东莞千石家电
61835424-9,东莞夏氏五金塑胶制品厂
78577351-2,东莞市裕正胶带
72245604-2,东莞康佳包装材料
05992222-9,东莞长安锦厦同兴吸塑
MA49184M-5,丹江口娇阳包装技术
MA1QF08H-4,亦臻包装科技苏州
MA1BGDUW-4,佳木斯市明盛塑料制品
60828202-6,利宾来塑胶工业昆山
MA5EQ1AE-1,力胜塑胶制品深圳
57691352-3,北京博瑞特塑料制品
58089062-7,北京斯维德通豪塑料制品
56749038-9,北京燕医平塑料制品
06763966-9,华烨海希德隆格篷房制造昆山
78384861-3,南京宁淮管业
MA5LBAH1-9,南宁东洋塑胶制品
61200371-2,厦门佛大工业
61200123-1,厦门瑞滢塑胶
71994455-5,合肥海尔塑胶
MA172BR3-2,吉林省信谊塑料
78567173-5,嘉兴众恒塑业
MA2BCNP9-1,嘉善宏兴塑胶
06677814-9,四川中鹏塑胶
06030855-X,四川欧宝路管业
42500256-2,上海医药工业研究院
79705105-8,上海质量监督检验技术研究
13241199-5,上海邮电设计咨询研究院
44135007-3,中信建筑设计研究总院
40175049-4,中国兵器工业北方勘察设计研究院
49350262-2,中国兵器工业第五二研究所烟台分所
49350262-3,中国运载火箭技术研究院
16305212-0,中国重型机械研究院股份
15439857-6,中土集团福州勘察设计研究院
79542423-6,中广核研究院
40136093-9,中海油天津化工研究设计院
71092607-8,中海油研究总院
45040272-8,中煤科工集团重庆研究院
13477926-7,中石化南京化工研究院
06198072-7,中石化胜利石油工程钻井工艺研究院
40000998-7,中航勘察设计研究院
MA1MYHL7-1,中航锂电技术研究院
18376661-4,中航长沙设计研究院
13475570-8,中通服咨询设计研究院
55678709-9,中铁二院重庆勘察设计研究院
30363581-2,中铁工程机械研究设计院
17766509-1,中铁武汉勘察设计研究院
39557945-8,中铁科学研究院
H1706520-X,中铁西北科学研究院
G5151927-1,中铁西南科学研究院
22052100-0,中铁西安勘察设计研究院
43120143-7,云南省水利水电勘测设计研究院
43120149-6,云南省药物研究所
MA6K7DEC-7,云南锡业研究院
78082875-6,保定华翼风电叶片研究开发
